"","TNFRSF9","JUN","DNAJB4","PLEKHO1","HSPA6","BTG2","ATF3","DUSP10","EGR2","DUSP8","TNNT3","IGF2-AS","KCNQ1DN","TUB","BBOX1","APLNR","FOLR2","TMEM126B","DDX25","CLEC4E","CLEC1B","CLEC7A","TAS2R7","NR4A1","NCKAP1L","ANKS1B","TRPC4","NFKBIA","FOS","GPR68","DNAJA4","SLC28A1","KLHL25","SSTR5","TPSD1","IL32","RRAD","TRPV2","PYY2","IKZF3","PIEZO2","TICAM1","MAG","ZFP36","ATP1A3","BCL3","FOSB","KLK15","ZNF613","EGR4","CNGA3","IL1A","GYPC","DLX2","CCL20","MMP9","CASS4","TSSK2","CLTCL1","FBLN2","CD96","TSC22D2","PTX3","NKX3-2","CXCL1","CXCL3","CXCL2","PRDM8","SLC9A3","EGR1","PCDHB12","DUSP1","DRD1","FOXF2","OR10C1","TNFAIP3","NOX3","CAMK2B","VGF","RARRES2","LY6H","GRINA","CCL27","SPAG8","MAMLD1","L1CAM"
"Series1_NHBE_Mock_1",2.07944154167984,7.77527584648686,5.50125821054473,3.89182029811063,2.83321334405622,7.71601526664259,4.45434729625351,6.85540879860993,1.38629436111989,3.43398720448515,1.09861228866811,0,0,2.19722457733622,3.63758615972639,0,0,5.36129216570943,0.693147180559945,0,0,1.6094379124341,0,2.07944154167984,0,1.09861228866811,0,7.16472037877186,6.82762923450285,4.89034912822175,5.37989735354046,0.693147180559945,4.53259949315326,0,0,6.19236248947487,3.66356164612965,1.09861228866811,0.693147180559945,0,2.39789527279837,6.66057514983969,0,6.72503364216684,2.484906649788,5.37989735354046,3.04452243772342,0,4.80402104473326,0,0,6.93049476595163,2.19722457733622,1.79175946922805,4.04305126783455,4.45434729625351,2.70805020110221,0,5.76519110278484,2.99573227355399,1.6094379124341,6.25190388316589,0,0,6.60258789218934,4.15888308335967,5.6970934865054,3.29583686600433,2.30258509299405,7.52671756135271,0.693147180559945,6.90775527898214,0,0.693147180559945,0,6.81124437860129,0,0.693147180559945,0,0,0,7.53155238140729,0.693147180559945,0.693147180559945,4.18965474202643,6.21860011969173
"Series1_NHBE_Mock_2",2.39789527279837,7.68845535654994,5.71042701737487,3.78418963391826,2.77258872223978,7.62851762657506,4.20469261939097,6.77308037565554,1.6094379124341,3.40119738166216,0,0,0,1.79175946922805,3.49650756146648,1.09861228866811,0,5.17048399503815,0,0,0,2.07944154167984,0,1.79175946922805,0,1.09861228866811,0,7.25559127425367,6.880384082186,4.81218435537242,5.46806014113513,0,4.15888308335967,0,0,6.02102334934953,3.89182029811063,0,0.693147180559945,0.693147180559945,2.56494935746154,6.55819780281227,0,6.88755257166462,2.19722457733622,5.56068163101553,2.63905732961526,0,4.52178857704904,0,0,6.81014245011514,1.6094379124341,0,4.36944785246702,4.66343909411207,2.07944154167984,0,5.79301360838414,3.29583686600433,1.38629436111989,6.31716468674728,0.693147180559945,1.38629436111989,6.76272950693188,3.91202300542815,5.71373280550937,3.43398720448515,1.38629436111989,7.68294316987829,0,7.09174211509515,0,0.693147180559945,0,6.90274273715859,0,0.693147180559945,0,0,0,7.52779398772144,1.09861228866811,1.09861228866811,3.87120101090789,6.19644412779452
"Series1_NHBE_Mock_3",2.19722457733622,8.09223940672421,6.48768401848461,4.31748811353631,3.71357206670431,8.18451375303372,4.76217393479776,7.08673793451058,1.94591014905531,4.00733318523247,1.38629436111989,0.693147180559945,0,2.07944154167984,3.95124371858143,0,0,5.92425579741453,0.693147180559945,0,0,1.79175946922805,0,1.09861228866811,1.79175946922805,0,0,7.56734567601324,7.20414929203594,4.96284463025991,5.99893656194668,1.6094379124341,4.45434729625351,0,0,6.35437004079735,4.0943445622221,1.09861228866811,1.09861228866811,0,2.30258509299405,6.88448665204278,0,7.10906213568717,2.56494935746154,5.71702770140622,2.89037175789616,0,5.33753807970132,0,0,7.67878899819915,2.39789527279837,1.79175946922805,4.70048036579242,4.77068462446567,2.77258872223978,0,6.22851100359118,3.52636052461616,2.30258509299405,6.8330317327862,1.6094379124341,0,7.12849594568004,3.68887945411394,5.77144112313002,3.91202300542815,0,7.93164402145431,0.693147180559945,7.52725591937378,0,0.693147180559945,0,7.20191631753163,0,1.94591014905531,0,0,0,7.80669637252118,0,1.6094379124341,3.97029191355212,6.4723462945009
"Series1_NHBE_SARS.CoV.2_1",1.94591014905531,7.68937110752969,5.16478597392351,3.97029191355212,3.04452243772342,7.57147364885127,4.33073334028633,6.30809844150953,0,4.02535169073515,0,1.09861228866811,0,0.693147180559945,2.89037175789616,1.09861228866811,0,5.29831736654804,0,0,0,0.693147180559945,0,1.38629436111989,0.693147180559945,1.09861228866811,0,7.79234892411304,6.87316383421252,4.99721227376411,5.54907608489522,0.693147180559945,4.55387689160054,0,0,6.74758652682932,4.20469261939097,1.38629436111989,0,0.693147180559945,1.79175946922805,6.76041469108343,0,6.85118492749374,1.6094379124341,5.94803498918065,3.13549421592915,0,4.57471097850338,0,0,7.5963923040642,0.693147180559945,0.693147180559945,6.41836493593621,6.30627528694802,2.07944154167984,0,5.61312810638807,2.94443897916644,1.09861228866811,6.28599809450886,1.09861228866811,0.693147180559945,7.57712193087668,5.03695260241363,6.31896811374643,3.63758615972639,1.09861228866811,7.47250074473756,0.693147180559945,7.28069719538474,0,1.09861228866811,0,7.9098566672694,0,0,0,0.693147180559945,0,7.42773884053289,0,1.79175946922805,3.85014760171006,6.36647044773144
"Series1_NHBE_SARS.CoV.2_2",1.79175946922805,7.68570306123455,5.40267738187228,4.02535169073515,2.63905732961526,7.54591815120932,4.79579054559674,6.24997524225948,0.693147180559945,3.63758615972639,0,0,0,1.6094379124341,2.77258872223978,0.693147180559945,0,5.36597601502185,0,0,0,1.79175946922805,0,1.94591014905531,0,0,0,7.66902828858968,6.7945865808765,4.77912349311153,5.4553211153577,1.09861228866811,4.46590811865458,0,0,6.82437367004309,3.46573590279973,0.693147180559945,0.693147180559945,1.09861228866811,1.38629436111989,6.69826805411541,0,6.75227037614174,1.6094379124341,5.66296048013595,3.09104245335832,0,4.70048036579242,0,0.693147180559945,7.66152708135852,1.6094379124341,1.09861228866811,6.28226674689601,5.83773044716594,1.09861228866811,0,5.5683445037611,2.07944154167984,0,6.13988455222626,1.09861228866811,0,7.58426481838906,5.45958551414416,6.56385552653213,3.3322045101752,1.09861228866811,7.44483327389219,0,7.18159194461187,0,0,0,7.86518795418747,0,1.09861228866811,0,0,0,7.23993259132047,0,0.693147180559945,3.58351893845611,6.08449941307517
"Series1_NHBE_SARS.CoV.2_3",2.70805020110221,8.71028982137815,6.34388043412633,4.90527477843843,3.95124371858143,8.5079506100493,5.31320597904179,7.32580750259577,1.09861228866811,4.80402104473326,0,0.693147180559945,0,2.39789527279837,3.78418963391826,1.6094379124341,1.38629436111989,6.44094654063292,1.38629436111989,0,0,2.30258509299405,0,2.63905732961526,0,0.693147180559945,0,8.71456755083648,7.85476918349913,5.6937321388027,6.4425401664682,2.07944154167984,5.4249500174814,0,0,7.85979918056211,4.95582705760126,2.07944154167984,0,0.693147180559945,3.36729582998647,7.7066129139642,0,7.70165236264223,2.484906649788,6.87626461189077,4.04305126783455,0,5.72031177660741,0,0,8.76467807411661,2.07944154167984,1.09861228866811,7.27724772663148,6.71780469502369,2.63905732961526,0,6.73101810048208,3.04452243772342,2.07944154167984,7.3125534981026,2.30258509299405,0,8.61504559158374,6.26909628370626,7.5234813125735,4.64439089914137,2.484906649788,8.45595588194505,0,8.2220164372022,0,1.6094379124341,0,8.81774212957484,0,0,0,0,0,8.41360887515967,1.94591014905531,0.693147180559945,4.64439089914137,7.18841273649695
"Series2_A549_Mock_1",4.45434729625351,7.51479976048867,5.97380961186926,4.91998092582813,1.94591014905531,5.58724865840025,4.43081679884331,4.80402104473326,0,4.54329478227,0,0.693147180559945,0,6.82546003625531,1.09861228866811,2.19722457733622,0,6.75809450442773,0,5.05624580534831,0,0,0,7.23777819192344,0,2.77258872223978,0,7.65207074611648,4.31748811353631,1.94591014905531,1.79175946922805,1.38629436111989,5.79909265446053,2.19722457733622,0,5.82600010738045,2.83321334405622,2.07944154167984,1.94591014905531,0.693147180559945,5.65948221575962,5.38449506278909,0,6.55819780281227,4.68213122712422,7.20934025660291,2.484906649788,0,3.3322045101752,0.693147180559945,0,3.13549421592915,0,1.94591014905531,5.32300997913841,2.39789527279837,0.693147180559945,0,6.01126717440416,2.07944154167984,1.09861228866811,5.79605775076537,2.77258872223978,3.13549421592915,7.28344822875663,6.0730445341004,6.22851100359118,2.19722457733622,4.89783979995091,2.19722457733622,0,8.29304913976844,4.84418708645859,6.01126717440416,0,6.55677835615804,0,1.38629436111989,3.3322045101752,0,0,7.83280751652486,0.693147180559945,2.56494935746154,5.67332326717149,5.3890717298165
"Series2_A549_Mock_2",3.58351893845611,6.93049476595163,5.28826703069454,4.30406509320417,2.30258509299405,5.06890420222023,4.04305126783455,4.21950770517611,0,4.12713438504509,0,0.693147180559945,0,6.2709884318583,0,1.09861228866811,0,6.0137151560428,0,4.11087386417331,0,0,0,6.64118216974059,1.09861228866811,2.83321334405622,0,7.07072410726028,3.73766961828337,2.19722457733622,1.38629436111989,0.693147180559945,5.31320597904179,1.6094379124341,0.693147180559945,5.4249500174814,2.63905732961526,1.38629436111989,1.6094379124341,0,4.77912349311153,4.89034912822175,0,6.03068526026126,3.76120011569356,6.55250788703459,1.38629436111989,0,2.77258872223978,0,0,2.56494935746154,0,1.94591014905531,4.89034912822175,1.6094379124341,0,0,5.43372200355424,1.6094379124341,0,5.28320372873799,2.30258509299405,2.63905732961526,6.83625927727707,5.71373280550937,5.73009978297357,1.6094379124341,4.21950770517611,1.38629436111989,0,7.72356247227797,4.23410650459726,5.10594547390058,0,6.07073772800249,0,0,2.63905732961526,0,0,7.24136628332232,0,2.39789527279837,4.969813299576,5.03043792139244
"Series2_A549_Mock_3",3.13549421592915,6.68085467879022,4.70953020131233,4.18965474202643,1.6094379124341,4.70048036579242,3.58351893845611,4.06044301054642,0.693147180559945,3.71357206670431,0,0,0,6.04737217904628,0,0,0,5.70711026474888,0,3.73766961828337,0,0,0,6.34035930372775,0,2.07944154167984,0,6.88653164253051,3.3322045101752,2.07944154167984,1.09861228866811,1.09861228866811,4.99043258677874,0.693147180559945,0,5.02388052084628,2.39789527279837,1.09861228866811,1.79175946922805,0,4.89034912822175,4.66343909411207,0,5.65599181081985,3.43398720448515,6.38687931936265,1.09861228866811,0,2.99573227355399,0,0,1.6094379124341,0,1.09861228866811,4.30406509320417,1.38629436111989,0.693147180559945,0,5.23110861685459,1.38629436111989,0.693147180559945,5.03695260241363,1.6094379124341,2.63905732961526,6.71901315438526,5.5834963087817,5.50125821054473,0,3.91202300542815,1.38629436111989,0,7.4301141385618,3.95124371858143,5.25749537202778,0,5.75574221358691,0,1.38629436111989,2.484906649788,0,0,6.94022246911964,1.38629436111989,1.79175946922805,4.49980967033027,4.54329478227
"Series2_A549_SARS.CoV.2_1",4.58496747867057,7.66528471847135,6.49978704065585,4.9416424226093,2.70805020110221,5.74300318780948,4.47733681447821,5.05624580534831,0.693147180559945,4.67282883446191,0,0,0,6.9782137426307,0,1.79175946922805,0,7.11801620446533,1.09861228866811,5.59842195899838,0,0,0,7.31388683163346,0,2.83321334405622,0,8.10046489102936,4.9416424226093,2.07944154167984,2.30258509299405,1.09861228866811,5.85793315448346,2.19722457733622,0,6.27476202124194,2.94443897916644,1.38629436111989,2.07944154167984,0,6.0137151560428,5.51342874616498,0,6.60934924316738,4.54329478227,7.40913644392013,1.94591014905531,0,3.80666248977032,0,0,4.17438726989564,0,0.693147180559945,6.383506634884,1.94591014905531,1.38629436111989,0,5.9427993751267,2.07944154167984,1.09861228866811,5.97888576490112,3.13549421592915,3.25809653802148,8.02059914989697,6.84374994900622,6.96790920180188,2.07944154167984,4.55387689160054,2.77258872223978,1.09861228866811,8.43402895015547,5.19849703126583,6.10479323241498,0,7.02464903045364,0,1.38629436111989,3.52636052461616,0,0,7.89878235697031,1.6094379124341,2.77258872223978,5.55682806169954,5.55295958492162
"Series2_A549_SARS.CoV.2_2",4.33073334028633,7.54908271081229,5.89989735358249,5.06259503302697,2.30258509299405,5.6021188208797,4.43081679884331,4.79579054559674,1.09861228866811,4.82028156560504,0,0,0,6.75576892198425,0,1.09861228866811,0,6.5424719605068,0,5.14166355650266,0,0,0,7.23489842031483,0,3.09104245335832,0,7.92804560087478,4.4188406077966,1.94591014905531,0,0.693147180559945,5.88332238848828,1.79175946922805,0,6.22257626807137,2.56494935746154,1.6094379124341,1.94591014905531,0.693147180559945,5.77455154554441,5.51342874616498,0,6.59167373200866,4.44265125649032,7.36518012602101,1.38629436111989,0,3.76120011569356,0,0.693147180559945,3.73766961828337,0,1.79175946922805,6.03787091992214,2.19722457733622,0.693147180559945,0,5.88332238848828,2.19722457733622,0,5.81413053182507,3.52636052461616,3.04452243772342,7.81802793853073,6.74875954749168,6.80350525760834,2.07944154167984,4.51085950651685,2.63905732961526,0,8.38320455141292,5.12396397940326,6.0137151560428,0,6.93731408122368,0,1.94591014905531,3.3322045101752,0,0,7.9098566672694,1.94591014905531,2.39789527279837,5.42934562895444,5.48479693349065
"Series2_A549_SARS.CoV.2_3",4.17438726989564,7.35115822643069,5.56068163101553,4.82028156560504,1.6094379124341,5.23110861685459,4.0943445622221,4.62497281328427,0,4.14313472639153,0,0,0,6.56526497003536,0,1.6094379124341,0,6.25766758788264,0.693147180559945,4.85203026391962,0,0,0,6.92559519711047,0,2.484906649788,0,7.7596141506969,4.23410650459726,1.79175946922805,1.94591014905531,1.09861228866811,5.5683445037611,2.07944154167984,0,5.89989735358249,2.77258872223978,1.38629436111989,1.6094379124341,0,5.52545293913178,5.24174701505964,0,6.2803958389602,4.21950770517611,7.00124562206948,1.79175946922805,0,3.40119738166216,0,0,3.43398720448515,0,1.6094379124341,5.66988092298052,1.94591014905531,0,0,5.7268477475872,2.30258509299405,0,5.52146091786225,2.94443897916644,2.77258872223978,7.55433482372575,6.45990445437753,6.51767127291227,1.94591014905531,4.36944785246702,2.484906649788,0,8.14960173573616,4.79579054559674,5.6970934865054,0,6.65929391968364,0,1.79175946922805,3.3322045101752,0,0,7.58426481838906,1.6094379124341,2.19722457733622,5.12989871492307,5.16478597392351
"Series3_A549_Mock_1",3.63758615972639,8.4071550862073,4.91265488573605,5.04985600724954,2.30258509299405,5.7268477475872,6.72982407048948,5.34233425196481,5.09375020080676,5.47646355193151,0,0,0,5.92157841964382,0.693147180559945,0,0,6.4831073514572,0,6.03787091992214,0,0,0,9.6193325858605,1.79175946922805,2.70805020110221,0,8.65538869016764,9.97385281519669,3.3322045101752,2.19722457733622,2.19722457733622,5.37989735354046,4.34380542185368,0,6.63200177739563,3.25809653802148,2.56494935746154,3.97029191355212,0,5.21493575760899,5.96614673912369,0,9.59437753267073,4.54329478227,8.13534694890671,8.85066091901715,0,2.89037175789616,0,0,2.94443897916644,0,1.38629436111989,7.95682712209011,3.58351893845611,1.79175946922805,0,5.11799381241676,0.693147180559945,0.693147180559945,5.13579843705026,1.38629436111989,3.36729582998647,8.73214326770192,7.900636613018,8.53503310954457,2.77258872223978,5.52146091786225,9.28163725385822,1.38629436111989,9.00146947994869,4.45434729625351,5.84354441703136,0,7.22037383672395,0,2.39789527279837,4.06044301054642,0,0,8.31483217928456,2.70805020110221,3.52636052461616,5.4249500174814,4.91265488573605
"Series3_A549_Mock_2",3.55534806148941,8.1961611392829,5.30330490805908,4.47733681447821,1.09861228866811,5.64897423816121,6.87523208727658,5.2257466737132,5.06259503302697,5.22035582507832,0,0,0,5.83773044716594,0,0,0,6.28226674689601,0.693147180559945,6.22059017009974,0,0,0,9.50888819773827,1.09861228866811,2.56494935746154,0,8.67265729404031,9.82827897493837,2.484906649788,1.38629436111989,1.79175946922805,5.26785815906333,3.87120101090789,0.693147180559945,6.22455842927536,2.89037175789616,2.07944154167984,3.3322045101752,0,5.00394630594546,5.53733426701854,0,9.36194495610808,4.14313472639153,7.67600993202889,8.74782860848874,0,2.30258509299405,1.6094379124341,0,2.94443897916644,0,1.6094379124341,7.91461770904068,2.56494935746154,0,0,4.70953020131233,0.693147180559945,0,5.04342511691925,0.693147180559945,2.83321334405622,8.5387589693308,7.71423114484909,8.47177732788576,2.56494935746154,5.48063892334199,9.15915233520675,1.38629436111989,8.93761259130621,4.20469261939097,5.6970934865054,0,7.09672137849476,0,1.6094379124341,3.55534806148941,0,0,8.12029131396856,1.6094379124341,3.13549421592915,5.29831736654804,4.97673374242057
"Series3_A549_RSV_1",3.2188758248682,7.54062152865715,3.52636052461616,3.97029191355212,2.70805020110221,3.29583686600433,4.7361984483945,3.85014760171006,3.3322045101752,4.49980967033027,0,0,0,4.65396035015752,0,0,0,5.39362754635236,0,5.51342874616498,0,0,0,8.44311598801992,0,1.09861228866811,0,8.11969625295725,8.43576619272051,2.56494935746154,1.6094379124341,1.09861228866811,4.14313472639153,1.94591014905531,0,5.56068163101553,2.63905732961526,1.38629436111989,2.19722457733622,0,4.11087386417331,4.98360662170834,0,8.44225410475174,3.46573590279973,7.27793857294566,7.11395610956603,0,1.38629436111989,0.693147180559945,0,2.56494935746154,0,0,7.29301767977278,1.09861228866811,0,0,4.00733318523247,0,0,3.95124371858143,1.38629436111989,2.39789527279837,8.150467911624,7.29844510150815,7.89543600694297,2.63905732961526,4.51085950651685,8.10621290261996,0.693147180559945,7.77317368048254,3.2188758248682,4.95582705760126,0,6.8627579130514,0,0.693147180559945,3.55534806148941,0,0,7.69348164083518,0.693147180559945,1.09861228866811,4.63472898822964,4.63472898822964
"Series3_A549_RSV_2",2.70805020110221,6.82979373751242,2.94443897916644,4.04305126783455,2.484906649788,2.89037175789616,4.69134788222914,3.13549421592915,3.25809653802148,3.71357206670431,0,0,0,4.33073334028633,0,0,0,4.23410650459726,0,5.09375020080676,0,0,0,7.93343838762749,0,0.693147180559945,0,7.71199650704767,7.77611547709874,1.38629436111989,0,0,3.97029191355212,1.6094379124341,0,5.29831736654804,2.56494935746154,1.38629436111989,1.38629436111989,0,3.17805383034795,4.62497281328427,0,7.74932246466036,2.89037175789616,6.68461172766793,6.62140565176413,0,1.79175946922805,1.09861228866811,0,1.6094379124341,0,0.693147180559945,6.84481547920826,1.94591014905531,0,0,3.71357206670431,0,0,3.09104245335832,0,1.38629436111989,7.69439280262942,6.64118216974059,7.15070145759253,2.19722457733622,4.14313472639153,7.57507169950756,0,7.27447955877387,3.04452243772342,4.35670882668959,0,6.18620862390049,0,0.693147180559945,2.07944154167984,0,0,7.19142933003638,0,1.38629436111989,4.29045944114839,4.45434729625351
"Series4_A549_Mock_1",1.94591014905531,5.46806014113513,4.64439089914137,3.36729582998647,1.38629436111989,4.60517018598809,3.04452243772342,2.99573227355399,0,2.19722457733622,0,0,0,4.969813299576,0,0,0,5.08759633523238,0,0,0,0,0,4.48863636973214,0,1.6094379124341,0,5.72031177660741,1.94591014905531,1.79175946922805,1.09861228866811,0.693147180559945,3.97029191355212,1.79175946922805,0,2.56494935746154,0.693147180559945,1.38629436111989,0.693147180559945,0,2.39789527279837,3.63758615972639,0,4.12713438504509,3.17805383034795,5.05624580534831,0.693147180559945,0,0,0,0,0,0,0.693147180559945,0.693147180559945,1.94591014905531,0,0,4.14313472639153,1.09861228866811,0,4.21950770517611,0,2.56494935746154,2.70805020110221,2.39789527279837,2.484906649788,0.693147180559945,2.89037175789616,0.693147180559945,0,6.19644412779452,3.17805383034795,4.06044301054642,0,3.73766961828337,0,1.38629436111989,1.94591014905531,0,0,5.98141421125448,0,1.6094379124341,3.85014760171006,4.04305126783455
"Series4_A549_Mock_2",3.04452243772342,5.90263333340137,5.57594910314632,3.76120011569356,0.693147180559945,5.35185813347607,3.85014760171006,3.85014760171006,0,2.94443897916644,0,1.09861228866811,0,5.61312810638807,0,0,0,5.90536184805457,0,0,0,0,0,5.15329159449778,0.693147180559945,1.94591014905531,0,6.53233429222235,2.94443897916644,1.79175946922805,1.6094379124341,0,4.79579054559674,1.38629436111989,0.693147180559945,3.46573590279973,2.484906649788,1.09861228866811,1.09861228866811,0,3.25809653802148,4.18965474202643,0,5.11799381241676,3.52636052461616,5.6937321388027,1.6094379124341,0,3.04452243772342,0,0,1.09861228866811,0,0.693147180559945,1.38629436111989,0,1.09861228866811,0,4.63472898822964,1.38629436111989,0,4.70048036579242,0,2.83321334405622,3.80666248977032,3.8286413964891,3.61091791264422,2.19722457733622,3.66356164612965,1.6094379124341,0.693147180559945,6.99484998583307,3.73766961828337,4.86753445045558,0,4.58496747867057,0,0,2.77258872223978,0,0,6.73340189183736,0.693147180559945,1.79175946922805,4.34380542185368,4.60517018598809
"Series4_A549_IAV_1",2.484906649788,6.24997524225948,6.01615715969835,3.76120011569356,4.00733318523247,4.29045944114839,4.63472898822964,3.68887945411394,0,2.39789527279837,0,0,0,5.24174701505964,0,0.693147180559945,0.693147180559945,6.13556489108174,0,0,0,0,0,4.17438726989564,0,2.19722457733622,0.693147180559945,6.61472560020376,2.77258872223978,0,1.79175946922805,0.693147180559945,3.95124371858143,0,0.693147180559945,3.87120101090789,2.39789527279837,0,1.09861228866811,0.693147180559945,3.52636052461616,3.09104245335832,0.693147180559945,3.71357206670431,3.25809653802148,5.07517381523383,2.07944154167984,0,2.484906649788,0,0,1.79175946922805,0,1.09861228866811,1.09861228866811,0.693147180559945,2.484906649788,0,4.33073334028633,1.09861228866811,0,4.51085950651685,1.79175946922805,1.79175946922805,4.0943445622221,3.40119738166216,3.58351893845611,2.30258509299405,2.56494935746154,3.40119738166216,0,6.62273632394984,3.71357206670431,4.34380542185368,0,4.93447393313069,0,0,2.30258509299405,0,0,5.76519110278484,0.693147180559945,1.38629436111989,3.8286413964891,4.44265125649032
"Series4_A549_IAV_2",2.30258509299405,4.91265488573605,3.97029191355212,2.77258872223978,3.13549421592915,3.61091791264422,2.99573227355399,2.70805020110221,1.09861228866811,1.79175946922805,0,1.09861228866811,0,3.85014760171006,0,0,0,4.35670882668959,0,0,0,0,0,4.18965474202643,0,0.693147180559945,0,5.38449506278909,2.39789527279837,0,0,0,3.13549421592915,0,0,2.70805020110221,1.38629436111989,0,1.09861228866811,0,1.79175946922805,2.30258509299405,0,3.40119738166216,2.484906649788,4.46590811865458,1.79175946922805,0,1.79175946922805,0,0,0,0,0,0.693147180559945,0.693147180559945,2.07944154167984,0,3.2188758248682,0,0,3.04452243772342,0,1.09861228866811,2.83321334405622,2.30258509299405,2.30258509299405,1.09861228866811,2.07944154167984,2.19722457733622,0,5.79909265446053,3.04452243772342,2.83321334405622,0,3.73766961828337,0,0,0.693147180559945,0,0,5.50533153593236,0,0.693147180559945,3.04452243772342,3.3322045101752
"Series5_A549_Mock_1",3.80666248977032,7.028201432058,5.88610403145016,5.14749447681345,2.63905732961526,5.63478960316925,4.4188406077966,4.79579054559674,1.09861228866811,4.15888308335967,0,1.09861228866811,0,6.7093043402583,0,1.09861228866811,0,6.4831073514572,0,4.07753744390572,0,0,0,7.24565506759454,0.693147180559945,3.2188758248682,0,7.61184239958042,4.85981240436167,1.6094379124341,0,0,5.8171111599632,1.38629436111989,0.693147180559945,5.49306144334055,3.25809653802148,2.30258509299405,1.6094379124341,0,5.77455154554441,5.35658627467201,0,6.70686233660275,4.54329478227,7.32778053842163,2.484906649788,0,3.58351893845611,0,0,2.56494935746154,0,1.94591014905531,4.99043258677874,1.94591014905531,0.693147180559945,0,5.99146454710798,2.30258509299405,0,5.52545293913178,2.77258872223978,2.89037175789616,6.80793494369993,5.9295891433899,6.06378520868761,1.94591014905531,0,2.83321334405622,1.6094379124341,8.12118324207883,4.95582705760126,5.80513496891649,0,6.43294009273918,0,1.38629436111989,3.49650756146648,0,0,7.73280753042202,0.693147180559945,2.39789527279837,5.13579843705026,5.06259503302697
"Series5_A549_Mock_2",3.95124371858143,6.94601399109923,5.8636311755981,5.09375020080676,1.09861228866811,5.56068163101553,4.34380542185368,4.74493212836325,1.38629436111989,4.36944785246702,0,0,0,6.67582322163485,0,0,0,6.383506634884,0,3.97029191355212,0,0,0,7.15929190479756,0.693147180559945,3.29583686600433,0.693147180559945,7.57712193087668,4.58496747867057,1.38629436111989,0,0,5.68357976733868,1.94591014905531,0,5.61677109766657,3.13549421592915,2.39789527279837,2.77258872223978,0,5.59842195899838,5.11799381241676,0,6.61338421837956,4.47733681447821,7.41637847919293,2.83321334405622,0,3.80666248977032,0,0,2.39789527279837,0,2.484906649788,4.79579054559674,1.79175946922805,0,0,5.82008293035236,2.99573227355399,0,5.6021188208797,2.484906649788,3.04452243772342,6.83625927727707,5.92157841964382,6.05208916892442,1.6094379124341,0.693147180559945,3.43398720448515,0,8.08671792030391,4.89783979995091,5.67332326717149,0,6.55535689181067,0,0.693147180559945,3.49650756146648,0.693147180559945,0,7.77946696745832,0,2.07944154167984,5.18178355029209,4.97673374242057
"Series5_A549_Mock_3",3.78418963391826,7.00033446027523,5.96870755998537,4.85981240436167,2.07944154167984,5.605802066296,4.40671924726425,4.56434819146784,1.6094379124341,4.15888308335967,0,0.693147180559945,0,6.57786135772105,0,1.09861228866811,0,6.37331978957701,0,3.58351893845611,0,0,0,7.00306545878646,0,3.2188758248682,0,7.50549227473742,4.66343909411207,2.07944154167984,0,1.79175946922805,5.65599181081985,1.79175946922805,0,5.36597601502185,3.04452243772342,1.79175946922805,2.56494935746154,0,5.4971682252932,5.11198778835654,0,6.69703424766648,4.47733681447821,7.15383380157884,2.484906649788,0,3.73766961828337,0,1.09861228866811,3.13549421592915,0,2.07944154167984,4.56434819146784,0,1.38629436111989,0,5.85220247977447,1.79175946922805,0,5.5683445037611,2.19722457733622,3.43398720448515,6.87419849545329,5.91079664404053,6.14846829591765,0.693147180559945,1.09861228866811,2.89037175789616,0.693147180559945,7.99260665240021,4.78749174278205,5.82008293035236,0,6.48004456192665,0,1.38629436111989,3.40119738166216,0,0,7.60837447438078,1.09861228866811,2.07944154167984,4.95582705760126,4.95582705760126
"Series5_A549_SARS.CoV.2_1",5.37063802812766,8.06463647577422,5.67675380226828,4.61512051684126,1.38629436111989,5.44241771052179,6.47697236288968,4.7361984483945,1.09861228866811,4.39444915467244,0,1.09861228866811,0,6.20253551718792,0,1.09861228866811,0,6.60934924316738,0,5.78689738136671,0,0,0,5.23110861685459,0,3.40119738166216,0,7.99967857949945,3.66356164612965,2.39789527279837,0,0.693147180559945,5.15905529921453,0,0,6.59304453414244,3.36729582998647,2.07944154167984,1.6094379124341,0.693147180559945,5.63478960316925,5.2257466737132,0,6.29894924685594,4.11087386417331,6.9782137426307,3.25809653802148,0,3.8286413964891,0,0.693147180559945,5.49306144334055,0,1.09861228866811,5.60947179518496,3.2188758248682,0,0,6.51767127291227,2.30258509299405,0,5.85793315448346,5.12989871492307,1.09861228866811,7.62900388965296,6.99393297522319,7.32843735289516,3.13549421592915,0.693147180559945,2.89037175789616,0.693147180559945,8.80432511256254,5.54907608489522,5.56452040732269,0,7.60090245954208,0,0,3.49650756146648,0,0,7.72533003791713,1.09861228866811,1.79175946922805,5.30330490805908,6.16120732169508
"Series5_A549_SARS.CoV.2_2",5.4971682252932,8.58091888229678,5.54126354515843,4.78749174278205,0.693147180559945,5.4971682252932,6.22653666928747,4.91265488573605,1.6094379124341,4.4188406077966,0,0,0,6.23244801655052,0,0.693147180559945,0,6.52356230614951,1.38629436111989,5.66642668811243,0,0,0,5.40717177146012,0,3.68887945411394,1.09861228866811,7.97590836016554,5.45958551414416,1.94591014905531,0,0.693147180559945,4.85203026391962,0,0,6.64768837356333,3.68887945411394,2.63905732961526,1.38629436111989,0,5.65248918026865,5.35658627467201,0,7.11882624906208,4.12713438504509,7.24565506759454,3.3322045101752,0,3.95124371858143,0,1.38629436111989,5.82894561761021,0,1.38629436111989,5.98141421125448,2.99573227355399,1.09861228866811,0,6.50876913697168,2.39789527279837,0.693147180559945,6.16120732169508,4.80402104473326,2.30258509299405,7.6246189861594,6.94022246911964,7.14045304310116,2.07944154167984,0,3.49650756146648,0,8.80177044891454,5.5683445037611,5.86929691313377,0,7.71779621101358,0,0.693147180559945,3.58351893845611,0,0,7.90174751852014,0.693147180559945,1.79175946922805,5.6021188208797,6.60394382460047
"Series5_A549_SARS.CoV.2_3",5.96614673912369,8.68980105602255,6.18001665365257,5.31811999384422,2.77258872223978,6.04263283368238,6.96602418710611,5.72358510195238,2.30258509299405,5.28320372873799,0,1.79175946922805,0,6.70073110954781,0,2.70805020110221,0,7.05012252026906,0,6.39859493453521,0,0,0,6.0088131854426,1.09861228866811,4.11087386417331,0,8.67812085552252,4.80402104473326,2.19722457733622,0,1.79175946922805,5.60947179518496,1.38629436111989,0,7.34729970074316,3.97029191355212,2.83321334405622,1.94591014905531,0,6.30078579466324,6.08449941307517,0,7.42714413340862,4.68213122712422,7.90248743716286,4.39444915467244,0.693147180559945,4.65396035015752,0,1.09861228866811,6.33682573114644,0,0.693147180559945,6.41345895716736,3.61091791264422,0,0,7.20785987143248,2.63905732961526,0,6.43294009273918,5.66296048013595,2.63905732961526,8.45638105201948,7.86978390253015,8.09559870137819,3.97029191355212,2.19722457733622,3.97029191355212,1.09861228866811,9.38857023586688,6.11146733950268,6.36990098282823,0,8.29079434738136,0,1.79175946922805,4.02535169073515,0,0,8.53089883847235,1.6094379124341,2.77258872223978,6.12905021006055,7.0647590277918
"Series6_A549.ACE2_Mock_1",6.08677472691231,7.77527584648686,6.3750248198281,3.2188758248682,4.63472898822964,8.37885024179449,5.89715386763674,5.64897423816121,2.30258509299405,5.44673737166631,1.09861228866811,0,0,5.2040066870768,1.38629436111989,0,0,6.50578406012823,1.09861228866811,0,0,0,0,5.8664680569333,1.79175946922805,1.79175946922805,0,7.64396194900253,5.02388052084628,0.693147180559945,0,1.09861228866811,5.06259503302697,3.25809653802148,0.693147180559945,6.57088296233958,4.63472898822964,1.09861228866811,2.89037175789616,0,5.23644196282995,5.27811465923052,1.38629436111989,6.45204895443723,2.99573227355399,6.08677472691231,3.80666248977032,0,3.36729582998647,0,0,0,0,0,1.6094379124341,2.30258509299405,0.693147180559945,0,4.04305126783455,2.94443897916644,0.693147180559945,6.36302810354046,1.09861228866811,2.39789527279837,3.97029191355212,3.25809653802148,3.95124371858143,0.693147180559945,0.693147180559945,2.30258509299405,1.79175946922805,7.98548435673382,2.63905732961526,4.81218435537242,0,6.11589212548303,0,1.09861228866811,1.6094379124341,0,0,7.50328963067508,1.09861228866811,1.79175946922805,5.71373280550937,2.70805020110221
"Series6_A549.ACE2_Mock_2",3.68887945411394,5.46383180502561,4.24849524204936,2.07944154167984,2.07944154167984,6.01859321449623,3.61091791264422,3.52636052461616,0.693147180559945,3.52636052461616,0,0,0,3.2188758248682,0,0,0,4.14313472639153,0,0,0,0,0,3.71357206670431,0,0.693147180559945,0,5.17614973257383,2.77258872223978,0,0,0,2.39789527279837,1.79175946922805,0,4.15888308335967,2.56494935746154,0,0,0,3.13549421592915,3.36729582998647,0,4.27666611901606,0.693147180559945,3.85014760171006,1.38629436111989,0,1.38629436111989,0,0,0,0,0,0,0.693147180559945,0,0,2.19722457733622,0.693147180559945,0,4.04305126783455,0,0.693147180559945,1.09861228866811,1.79175946922805,1.6094379124341,0,0,0,0,5.70044357339069,0.693147180559945,2.70805020110221,0,3.80666248977032,0,0,0,0,0,5.42053499927229,0,0,3.58351893845611,1.79175946922805
"Series6_A549.ACE2_Mock_3",5.65948221575962,7.32974968904151,5.83188247728352,3.25809653802148,4.00733318523247,8.0179667034936,5.50125821054473,5.33753807970132,2.63905732961526,5.14166355650266,0,0,0,4.72738781871234,0.693147180559945,1.38629436111989,0,6.12249280951439,0,0,0,0,0,5.7268477475872,0,1.79175946922805,0,7.28207365809346,4.57471097850338,0,0,1.79175946922805,4.56434819146784,2.99573227355399,0,6.38687931936265,4.67282883446191,1.38629436111989,2.89037175789616,0,4.64439089914137,4.83628190695148,0,6.21460809842219,2.83321334405622,5.96870755998537,3.55534806148941,0,3.29583686600433,0,0,0.693147180559945,0,0.693147180559945,1.38629436111989,0.693147180559945,0,0,3.91202300542815,2.77258872223978,0,5.8406416573734,0,1.6094379124341,3.52636052461616,3.29583686600433,3.68887945411394,0,0,1.38629436111989,0.693147180559945,7.65728279297819,1.09861228866811,4.70953020131233,0,5.67332326717149,0,0,1.79175946922805,0,0,7.2902928824466,0,0,5.70711026474888,2.07944154167984
"Series6_A549.ACE2_SARS.CoV.2_1",4.65396035015752,7.35883089834235,5.52942908751142,2.19722457733622,4.00733318523247,8.12296471523406,6.4425401664682,4.46590811865458,4.9272536851572,6.57646956904822,0,0,0,4.14313472639153,0,0.693147180559945,0,5.44673737166631,0,1.38629436111989,0,0,0,6.93049476595163,0,0,0,8.61286694148452,5.80211837537706,1.09861228866811,0,0,3.3322045101752,0,0,4.94875989037817,4.48863636973214,1.09861228866811,1.6094379124341,1.38629436111989,3.43398720448515,4.89034912822175,0,7.66105638236183,1.79175946922805,6.89467003943348,5.34710753071747,0,2.94443897916644,0.693147180559945,0,3.04452243772342,0,2.77258872223978,6.37842618365159,0,0,0,2.83321334405622,2.484906649788,0,5.8171111599632,2.63905732961526,1.09861228866811,6.71659477352098,6.3456363608286,7.39756153552405,0,0,7.37211802833779,0.693147180559945,7.04490511712937,2.30258509299405,3.8286413964891,0,7.14677217945264,0,1.6094379124341,2.77258872223978,0,0,6.45204895443723,0,0,3.58351893845611,2.63905732961526
"Series6_A549.ACE2_SARS.CoV.2_2",3.09104245335832,6.13988455222626,4.30406509320417,1.6094379124341,2.484906649788,6.58892647753352,4.77068462446567,3.2188758248682,3.55534806148941,5.38449506278909,0,0,0,3.04452243772342,0,0,0,4.0943445622221,0,1.09861228866811,0,0,0,5.36129216570943,0,0,0,7.10824413973154,4.18965474202643,0,0,0,2.39789527279837,0,0,3.87120101090789,3.40119738166216,0,0,0,1.38629436111989,3.61091791264422,0,6.07073772800249,0,5.56068163101553,3.55534806148941,0,1.6094379124341,1.09861228866811,0,2.39789527279837,0,2.19722457733622,4.79579054559674,0,0,0,1.6094379124341,1.09861228866811,0,4.40671924726425,1.09861228866811,0,5.00394630594546,4.88280192258637,5.87493073085203,0,0,5.75574221358691,0,5.75890177387728,1.09861228866811,2.484906649788,0,5.68697535633982,0,0,1.09861228866811,0,0,5.2040066870768,0,0,2.30258509299405,0.693147180559945
"Series6_A549.ACE2_SARS.CoV.2_3",3.17805383034795,5.98896141688986,4.29045944114839,1.6094379124341,3.2188758248682,6.35088571671474,4.64439089914137,2.70805020110221,2.99573227355399,4.84418708645859,0,0,0,2.07944154167984,0,0,0,3.91202300542815,0.693147180559945,0,0,0,0,4.97673374242057,0,0,0,6.88448665204278,4.20469261939097,0,0,0,1.6094379124341,0,0,3.49650756146648,2.77258872223978,1.6094379124341,0.693147180559945,0,1.94591014905531,3.29583686600433,0,5.37063802812766,0.693147180559945,5.19295685089021,3.91202300542815,0,1.09861228866811,0,0,1.09861228866811,0,1.6094379124341,4.54329478227,0.693147180559945,0,0,1.94591014905531,0,0,4.40671924726425,0.693147180559945,0,4.72738781871234,4.55387689160054,5.90536184805457,0,1.09861228866811,5.4971682252932,0,5.4510384535657,1.38629436111989,2.70805020110221,0,5.52942908751142,0,0,1.6094379124341,0,0,4.91998092582813,0.693147180559945,0,2.30258509299405,0.693147180559945
"Series7_Calu3_Mock_1",2.39789527279837,6.99668148817654,4.64439089914137,3.43398720448515,2.70805020110221,3.71357206670431,4.52178857704904,6.12686918411419,1.6094379124341,4.70953020131233,0,0,0,4.06044301054642,0,0,0,5.34710753071747,0.693147180559945,1.94591014905531,0,2.30258509299405,0,4.48863636973214,0,0.693147180559945,0,5.67332326717149,4.30406509320417,0,5.7268477475872,1.09861228866811,5.04342511691925,0,0,6.14203740558736,3.09104245335832,2.30258509299405,0,4.67282883446191,1.38629436111989,4.86753445045558,0,5.27299955856375,2.39789527279837,4.47733681447821,3.09104245335832,0,3.8286413964891,0.693147180559945,0,4.969813299576,0,0,4.99721227376411,1.38629436111989,0.693147180559945,0,3.58351893845611,0,0,5.18738580584075,2.94443897916644,0.693147180559945,7.77821147451249,6.23441072571837,5.93489419561959,2.83321334405622,0,5.39362754635236,2.70805020110221,5.17614973257383,0,1.38629436111989,0,3.97029191355212,0,1.38629436111989,2.30258509299405,4.85981240436167,0,7.18387071506245,0,1.6094379124341,4.30406509320417,5.40267738187228
"Series7_Calu3_Mock_2",0.693147180559945,7.69028602067677,4.48863636973214,3.3322045101752,3.73766961828337,3.68887945411394,4.96284463025991,6.50578406012823,2.19722457733622,5.44241771052179,0,0,0,4.44265125649032,0,0,0,5.59471137960184,0.693147180559945,0.693147180559945,0,2.99573227355399,0,5.0998664278242,1.38629436111989,0,0,6.30078579466324,4.89034912822175,0,6.29894924685594,1.79175946922805,5.90263333340137,0,0.693147180559945,6.97166860472579,4.21950770517611,3.25809653802148,0.693147180559945,5.40717177146012,2.07944154167984,5.48063892334199,0,6.03068526026126,2.39789527279837,5.29831736654804,4.02535169073515,0,3.87120101090789,1.38629436111989,0,5.48893772615669,0,2.484906649788,5.50533153593236,1.38629436111989,2.07944154167984,0,3.63758615972639,1.38629436111989,0,5.61312810638807,3.55534806148941,1.09861228866811,8.40469616018909,6.7900972355139,6.68336094576627,3.2188758248682,0.693147180559945,5.74620319054015,2.63905732961526,5.65248918026865,0,0,0,4.71849887129509,0,1.38629436111989,2.63905732961526,5.76205138278018,0,8.00503334463711,0.693147180559945,1.94591014905531,5.07517381523383,5.99146454710798
"Series7_Calu3_Mock_3",2.484906649788,8.39117635083275,5.52146091786225,4.46590811865458,4.49980967033027,4.80402104473326,5.62040086571715,7.56423847517049,3.2188758248682,6.0730445341004,0,0,0,5.53733426701854,0,0,0,6.51619307604296,0,1.94591014905531,0,3.98898404656427,0.693147180559945,5.98896141688986,0.693147180559945,2.484906649788,0,7.15148546390474,5.57215403217776,0,7.11720550316434,2.39789527279837,6.62273632394984,0,0,7.62900388965296,4.63472898822964,4.20469261939097,1.79175946922805,6.13772705408623,3.25809653802148,6.43454651878745,0,6.80239476332431,3.36729582998647,6.15485809401642,4.9416424226093,0,4.97673374242057,2.39789527279837,0,6.31896811374643,0,1.38629436111989,6.45990445437753,1.94591014905531,1.94591014905531,0,4.70048036579242,1.79175946922805,0,6.63594655568665,4.45434729625351,2.39789527279837,9.20140053040671,7.66809370908241,7.33888813383888,3.76120011569356,0,6.64378973314767,3.89182029811063,6.42324696353352,0,1.79175946922805,0,5.74300318780948,0,2.39789527279837,3.2188758248682,6.50876913697168,0,8.68033192879342,0,2.77258872223978,5.94542060860658,6.99025650049388
"Series7_Calu3_SARS.CoV.2_1",5.27299955856375,9.24753981296529,6.28599809450886,3.13549421592915,4.02535169073515,4.88280192258637,8.46125755908593,7.77275271646874,4.51085950651685,6.78105762593618,0,2.39789527279837,0,3.97029191355212,0,0,0,6.0330862217988,1.09861228866811,3.80666248977032,0,3.98898404656427,0,6.01615715969835,0.693147180559945,1.79175946922805,2.94443897916644,9.16680636995245,5.75257263882563,0,6.5424719605068,1.6094379124341,5.79605775076537,0,0,7.92840602618053,4.51085950651685,3.49650756146648,1.09861228866811,7.66996199547358,3.09104245335832,6.69826805411541,0.693147180559945,8.05515773181968,2.39789527279837,6.54965074223381,6.27476202124194,0.693147180559945,4.95582705760126,2.94443897916644,0,9.36185901961509,0,2.39789527279837,8.50875771259514,1.79175946922805,1.79175946922805,0,4.18965474202643,2.07944154167984,1.09861228866811,6.84587987526405,6.14418563412565,0.693147180559945,9.55172907437721,9.10808613793743,9.01711963431323,3.3322045101752,0,7.63723438878947,3.09104245335832,8.1961611392829,0.693147180559945,1.79175946922805,0,8.526351129201,0,0,2.484906649788,4.33073334028633,0,8.42858053305963,0,1.09861228866811,5.4249500174814,7.11314210870709
"Series7_Calu3_SARS.CoV.2_2",4.80402104473326,8.9459841248279,5.89715386763674,2.19722457733622,3.40119738166216,4.39444915467244,7.97212112892166,7.20489251020467,3.87120101090789,6.30809844150953,0,1.79175946922805,0,3.40119738166216,0,0,0,5.36129216570943,0,3.78418963391826,0,3.68887945411394,0,5.54907608489522,0,1.09861228866811,1.38629436111989,8.71702717329482,5.25227342804663,0,5.89440283426485,1.38629436111989,5.18738580584075,0,0,7.1777824161952,4.00733318523247,2.99573227355399,0,7.13886699994552,2.39789527279837,5.97126183979046,0,7.56837926783652,1.79175946922805,6.24416690066374,5.64897423816121,0,4.47733681447821,2.19722457733622,0,8.75273950944749,0,0,7.88532923927319,1.38629436111989,0,0,4.0943445622221,1.38629436111989,0,6.289715570909,5.65248918026865,1.38629436111989,8.95234654322623,8.48446336679332,8.48342956126343,2.19722457733622,0,7.07749805356923,1.94591014905531,7.6314316645769,1.09861228866811,0.693147180559945,0,8.05959232888755,0,0,1.6094379124341,3.89182029811063,0,7.83320394864106,0,0,4.69134788222914,6.34738920965601
"Series7_Calu3_SARS.CoV.2_3",5.37527840768417,9.62779992493271,6.27287700654617,3.43398720448515,4.12713438504509,5.18738580584075,8.60410456340553,7.85088266480985,4.60517018598809,7.12528309151071,0,2.484906649788,0,3.91202300542815,0,0.693147180559945,0,5.84354441703136,1.09861228866811,3.76120011569356,0,4.34380542185368,0,6.31535800152233,0,1.94591014905531,2.19722457733622,9.39241189751493,5.89989735358249,0.693147180559945,6.49526555593701,2.56494935746154,6.0088131854426,0,0,7.92732436030979,4.77068462446567,3.80666248977032,1.09861228866811,7.6685611080159,3.58351893845611,6.86693328446188,0.693147180559945,8.28878581042693,2.39789527279837,7.08924315502751,6.46769872610435,0,5.03695260241363,3.76120011569356,0,9.17305378719017,0,1.94591014905531,8.47866024169945,2.39789527279837,1.6094379124341,0,4.4188406077966,2.89037175789616,1.09861228866811,6.98564181763921,6.31716468674728,2.39789527279837,9.52002852469058,9.12150915826957,9.15069651904867,3.17805383034795,0,7.85205020726589,3.2188758248682,8.38274709486331,1.09861228866811,0.693147180559945,0,8.70930004894499,0,0,2.30258509299405,4.62497281328427,0,8.58410389669886,0,1.38629436111989,5.71042701737487,7.16780918431644
"Series8_A549_Mock_1",2.19722457733622,4.06044301054642,0.693147180559945,4.59511985013459,2.30258509299405,2.77258872223978,2.07944154167984,2.56494935746154,0,3.17805383034795,0,0.693147180559945,0,3.29583686600433,0,0,0,3.68887945411394,0,2.94443897916644,0,0,0,4.53259949315326,0,0.693147180559945,0,4.57471097850338,1.38629436111989,0,0,0,4.24849524204936,2.70805020110221,0,5.26269018890489,2.39789527279837,1.09861228866811,1.79175946922805,0,1.79175946922805,3.80666248977032,0.693147180559945,3.25809653802148,2.94443897916644,5.94542060860658,0,0,1.38629436111989,0,0,1.38629436111989,0,0.693147180559945,0.693147180559945,0.693147180559945,0,0,3.89182029811063,0,0,1.6094379124341,0,1.6094379124341,4.99043258677874,2.30258509299405,3.49650756146648,0,0,0.693147180559945,0,4.81218435537242,0.693147180559945,2.56494935746154,0,1.94591014905531,0,1.38629436111989,2.63905732961526,0.693147180559945,0,6.59304453414244,1.6094379124341,1.38629436111989,2.07944154167984,2.19722457733622
"Series8_A549_Mock_2",2.484906649788,5.84643877505772,4.77912349311153,3.58351893845611,1.6094379124341,4.67282883446191,2.89037175789616,3.40119738166216,0,3.17805383034795,0,0,0,5.24702407216049,0,0,0,5.27299955856375,0,3.04452243772342,0,0,0,5.28320372873799,0,1.09861228866811,0,6.11146733950268,3.36729582998647,0.693147180559945,0,0,4.55387689160054,1.79175946922805,0,4.11087386417331,0.693147180559945,0,1.09861228866811,0,4.40671924726425,4.35670882668959,0,5.46383180502561,3.61091791264422,5.8171111599632,0,0,2.484906649788,0,0,1.79175946922805,0,1.79175946922805,3.04452243772342,0,0,0,4.30406509320417,0.693147180559945,0.693147180559945,4.36944785246702,1.38629436111989,2.07944154167984,5.84643877505772,4.7361984483945,4.51085950651685,0,0,1.38629436111989,0,6.43294009273918,3.46573590279973,4.29045944114839,0,5.08140436498446,0,0,2.484906649788,0,0,6.40357419793482,0,0.693147180559945,4.04305126783455,4.04305126783455
"Series8_A549_Mock_3",2.39789527279837,6.02586597382531,5.54907608489522,3.98898404656427,2.19722457733622,4.99043258677874,3.43398720448515,3.85014760171006,0.693147180559945,3.98898404656427,0,0.693147180559945,0,5.70044357339069,0,0,0,5.8406416573734,0.693147180559945,3.17805383034795,0,0,0,6.11146733950268,0,2.94443897916644,0,6.72982407048948,4.06044301054642,0.693147180559945,0,0.693147180559945,5.10594547390058,2.19722457733622,0,4.55387689160054,1.09861228866811,1.09861228866811,1.79175946922805,0,5.27299955856375,4.27666611901606,0,6.07993319509559,3.71357206670431,6.49978704065585,1.79175946922805,0,2.99573227355399,0,0,1.79175946922805,0,1.6094379124341,4.14313472639153,0.693147180559945,0.693147180559945,0,4.61512051684126,0.693147180559945,0,4.85203026391962,1.94591014905531,2.39789527279837,6.41999492814714,5.17048399503815,5.17614973257383,0,0.693147180559945,2.63905732961526,0,6.79570577517351,4.15888308335967,4.67282883446191,0,5.68017260901707,0,0.693147180559945,2.89037175789616,0,0,6.88959130835447,0,0.693147180559945,4.54329478227,4.46590811865458
"Series8_A549_RSV_1",5.98645200528444,7.52131798019924,6.61338421837956,4.58496747867057,6.58479139238572,4.52178857704904,5.71373280550937,4.96284463025991,1.38629436111989,4.26267987704132,0,0,0,5.04342511691925,0,0.693147180559945,0,6.13122648948314,0,4.91265488573605,0,0,0,6.16541785423142,1.09861228866811,2.07944154167984,0,8.04334217044161,4.94875989037817,0.693147180559945,0,0,5.20948615284142,0.693147180559945,0,6.91075078796194,4.38202663467388,1.09861228866811,1.6094379124341,0.693147180559945,4.8283137373023,5.45958551414416,0,7.13089883029635,3.09104245335832,6.91174730025167,5.26269018890489,0,3.2188758248682,0.693147180559945,0,5.4510384535657,0,2.484906649788,4.55387689160054,3.49650756146648,0.693147180559945,0,4.62497281328427,1.09861228866811,0.693147180559945,5.66296048013595,3.66356164612965,2.30258509299405,8.36660283278374,6.56244409369372,7.13966033596492,3.04452243772342,0,5.89164421182577,0,8.277411998949,4.29045944114839,4.969813299576,0,7.76641689801966,0,0.693147180559945,2.30258509299405,0,0,7.34665516317654,0,1.09861228866811,5.82304589548302,5.44241771052179
"Series8_A549_RSV_2",5.15329159449778,6.96885037834195,5.92692602597041,4.14313472639153,5.92425579741453,4.11087386417331,5.09375020080676,3.95124371858143,0.693147180559945,3.68887945411394,0,0,0,4.35670882668959,0.693147180559945,0,0,5.41164605185504,0,4.15888308335967,0,0.693147180559945,0,5.78689738136671,0,1.09861228866811,0,7.45703208912238,4.75359019110636,0.693147180559945,0,0,4.75359019110636,0.693147180559945,0,6.4393503711001,3.78418963391826,1.38629436111989,1.38629436111989,0,3.93182563272433,4.96284463025991,0,6.68959926917897,2.94443897916644,6.4831073514572,4.77068462446567,0,2.56494935746154,1.09861228866811,0,4.49980967033027,0,1.38629436111989,3.68887945411394,3.04452243772342,0,0,3.80666248977032,0.693147180559945,0,5.03695260241363,3.25809653802148,1.09861228866811,7.75833346749091,5.93489419561959,6.36475075685191,1.09861228866811,0,5.30330490805908,0.693147180559945,7.67508185771633,3.58351893845611,4.04305126783455,0,7.13329595489607,0,0,2.30258509299405,0,0,6.89871453432999,0,0.693147180559945,5.2257466737132,4.77912349311153
"Series8_A549_RSV_3",5.99893656194668,7.4759059693674,6.7286286130847,4.58496747867057,6.48463523563525,4.49980967033027,5.57972982598622,4.84418708645859,0,3.93182563272433,0,0,0,5.10594547390058,0,1.6094379124341,0,6.00141487796115,0.693147180559945,4.56434819146784,0,0,0,5.82894561761021,0.693147180559945,2.07944154167984,0,7.97659540931658,4.90527477843843,0,1.09861228866811,0.693147180559945,5.15329159449778,1.09861228866811,0,6.89770494312864,4.24849524204936,1.79175946922805,1.79175946922805,0,4.65396035015752,5.51342874616498,0,7.12367278520461,2.70805020110221,6.89060912014717,5.15905529921453,0,3.04452243772342,0.693147180559945,0,5.41164605185504,0,2.30258509299405,4.29045944114839,3.58351893845611,1.38629436111989,0,4.45434729625351,1.94591014905531,0,5.68697535633982,3.61091791264422,1.6094379124341,8.33302993974291,6.62140565176413,7.05961762829138,2.99573227355399,0.693147180559945,5.84932477994686,0,8.17413934342947,4.11087386417331,4.969813299576,0,7.68017564043659,0,1.6094379124341,1.94591014905531,0,0,7.26961674960817,0,0.693147180559945,5.88332238848828,5.29831736654804
"Series8_A549_HPIV3_3",4.40671924726425,7.45876269238096,6.21460809842219,4.21950770517611,3.80666248977032,4.78749174278205,6.0137151560428,4.63472898822964,1.38629436111989,3.97029191355212,0,0.693147180559945,0,5.85507192220243,0,0,0,6.17586727010576,0,4.02535169073515,0,0,0,6.09356977004514,1.09861228866811,1.94591014905531,0.693147180559945,7.87359778968554,4.39444915467244,1.38629436111989,0,1.09861228866811,4.83628190695148,1.09861228866811,0,5.59842195899838,2.56494935746154,1.09861228866811,1.6094379124341,0,5.27811465923052,5.25227342804663,0,6.76157276880406,4.20469261939097,6.7286286130847,3.17805383034795,0.693147180559945,3.8286413964891,1.09861228866811,0.693147180559945,4.39444915467244,0,1.38629436111989,4.99721227376411,2.07944154167984,0.693147180559945,0,5.12989871492307,1.09861228866811,0,5.39362754635236,3.85014760171006,2.07944154167984,6.96034772910131,6.383506634884,6.22455842927536,2.70805020110221,0,6.16120732169508,0,7.9391588179568,4.72738781871234,5.20948615284142,0,7.34471905414967,0,1.6094379124341,2.99573227355399,0,0,7.35372233039963,0,1.94591014905531,5.19849703126583,4.89034912822175
"Series8_A549_HPIV3_2",4.29045944114839,7.53796265976821,6.08904487544685,4.18965474202643,3.61091791264422,4.75359019110636,5.89715386763674,4.57471097850338,1.09861228866811,3.66356164612965,0,1.09861228866811,0,5.70711026474888,0,0,0,6.10924758276437,0,3.43398720448515,0,0,0,6.04737217904628,0.693147180559945,2.30258509299405,0,7.76599307940768,4.14313472639153,1.09861228866811,0,0,5.16478597392351,1.38629436111989,0,5.26785815906333,2.30258509299405,0.693147180559945,1.38629436111989,0,4.82028156560504,4.94875989037817,0,6.71780469502369,3.89182029811063,6.31716468674728,3.2188758248682,0,2.89037175789616,2.99573227355399,0,3.87120101090789,0,1.79175946922805,4.35670882668959,2.30258509299405,0.693147180559945,0,5.14749447681345,1.09861228866811,0,5.36597601502185,3.73766961828337,2.39789527279837,6.78897174299217,6.15060276844628,6.17378610390194,2.39789527279837,0,5.96870755998537,0.693147180559945,7.91971976092457,4.4188406077966,5.07517381523383,0,7.15617663748062,0,2.19722457733622,3.52636052461616,0,0.693147180559945,7.35755620091035,0,0,5.12396397940326,4.58496747867057
"Series8_A549_HPIV3_1",4.51085950651685,7.49609734517596,6.383506634884,4.17438726989564,3.36729582998647,4.60517018598809,6.07534603108868,4.76217393479776,0.693147180559945,3.93182563272433,0,0,0,6.0282785202307,0,0,0,6.50876913697168,1.09861228866811,4.14313472639153,0,0,0,5.8111409929767,0,3.04452243772342,1.38629436111989,7.97968130238774,4.34380542185368,0,0.693147180559945,1.38629436111989,4.56434819146784,0.693147180559945,0,5.66642668811243,2.19722457733622,1.38629436111989,0.693147180559945,0,5.41610040220442,5.0998664278242,0,6.57786135772105,3.55534806148941,6.69208374250663,3.17805383034795,0.693147180559945,3.43398720448515,2.30258509299405,0,4.54329478227,0,1.38629436111989,5.24174701505964,1.6094379124341,0,0,5.31320597904179,0,0.693147180559945,5.53338948872752,3.73766961828337,1.79175946922805,7.26612877955645,6.40357419793482,6.46925031679577,2.83321334405622,0,6.34035930372775,0,8.02256894698825,5.10594547390058,5.2257466737132,0,7.46851327149634,0,0,2.56494935746154,0,0,7.17011954344963,0,1.6094379124341,5.11799381241676,4.44265125649032
"Series9_NHBE_Mock_1",1.79175946922805,7.32184971378836,4.30406509320417,3.66356164612965,1.6094379124341,5.92692602597041,4.61512051684126,5.14749447681345,0.693147180559945,2.77258872223978,0.693147180559945,0,0,0.693147180559945,1.79175946922805,0,0,4.83628190695148,0,0,0,0,0,3.43398720448515,0,0,0,6.26149168432104,5.33753807970132,4.60517018598809,4.90527477843843,0,3.97029191355212,0,0,4.72738781871234,5.01063529409626,0.693147180559945,1.94591014905531,0,0,5.85220247977447,0,5.76205138278018,1.09861228866811,4.56434819146784,4.83628190695148,0,2.83321334405622,0,0,6.31535800152233,0,1.6094379124341,2.70805020110221,4.00733318523247,0.693147180559945,0,4.76217393479776,2.39789527279837,0,5.35658627467201,0.693147180559945,0,6.01859321449623,3.09104245335832,3.87120101090789,2.30258509299405,3.3322045101752,6.58340922215876,0,5.06890420222023,0,0,0,5.67675380226828,0,1.09861228866811,0.693147180559945,0,0,6.96885037834195,0.693147180559945,1.38629436111989,3.46573590279973,5.11799381241676
"Series9_NHBE_Mock_2",0.693147180559945,7.41637847919293,4.65396035015752,3.49650756146648,2.30258509299405,5.78382518232974,4.51085950651685,5.37989735354046,0.693147180559945,2.83321334405622,0,0,0,1.38629436111989,1.09861228866811,0,0,5.04342511691925,0,0,0,0,0,2.99573227355399,0,0,0,6.34212141872115,5.65248918026865,4.47733681447821,4.97673374242057,0,4.14313472639153,0,0,4.8283137373023,4.79579054559674,0.693147180559945,1.79175946922805,0,0,5.95583736946483,0,5.85220247977447,0.693147180559945,4.4188406077966,4.9416424226093,0,2.94443897916644,0,0,6.30991827822652,1.38629436111989,0.693147180559945,3.58351893845611,4.33073334028633,1.09861228866811,0,4.79579054559674,2.07944154167984,1.6094379124341,5.31811999384422,0.693147180559945,0,6.09807428216624,2.99573227355399,3.76120011569356,2.07944154167984,3.36729582998647,6.62804137617953,0,5.14166355650266,0,0.693147180559945,0,5.76519110278484,0,0,1.38629436111989,0,0,6.99025650049388,0,1.09861228866811,2.89037175789616,4.99043258677874
"Series9_NHBE_Mock_3",0.693147180559945,7.16626597413364,5.26785815906333,3.63758615972639,2.63905732961526,5.96870755998537,3.13549421592915,5.71042701737487,0,2.89037175789616,1.09861228866811,0,0,0.693147180559945,2.30258509299405,0,0,5.66988092298052,0,0,0,0,0,1.79175946922805,0,0,0,5.87493073085203,6.82437367004309,4.34380542185368,5.18738580584075,0,4.21950770517611,0,0,4.4188406077966,5.42934562895444,0,1.38629436111989,0,0,5.89440283426485,0,6.10924758276437,0,4.89034912822175,3.78418963391826,0,3.46573590279973,0,0,7.15305163493748,1.79175946922805,1.09861228866811,3.25809653802148,3.58351893845611,1.09861228866811,0,5.04342511691925,2.70805020110221,0.693147180559945,5.62401750618734,0.693147180559945,0,6.65286302935335,3.46573590279973,4.24849524204936,2.99573227355399,3.43398720448515,6.49677499018586,0,6.0730445341004,0,0,0,5.73334127689775,0,0.693147180559945,1.6094379124341,0,0,7.1608459066643,0.693147180559945,0.693147180559945,3.52636052461616,5.0998664278242
"Series9_NHBE_Mock_4",0,7.70841066725737,6.13122648948314,4.29045944114839,2.70805020110221,6.70073110954781,3.71357206670431,6.30078579466324,0.693147180559945,3.58351893845611,0,0,0,1.38629436111989,2.70805020110221,0,0,6.3261494731551,0,0,0,0,0,1.6094379124341,0,0,0,6.35437004079735,7.36201055125973,5.14749447681345,5.96870755998537,0,4.71849887129509,0,0,4.9416424226093,5.90536184805457,1.79175946922805,1.79175946922805,0.693147180559945,0.693147180559945,6.55961523749324,0,6.67834211465433,1.09861228866811,5.4510384535657,4.55387689160054,0,4.51085950651685,0,0,7.8935720735049,1.79175946922805,2.07944154167984,3.87120101090789,3.8286413964891,0,0,5.67332326717149,3.13549421592915,1.09861228866811,6.30809844150953,1.6094379124341,0.693147180559945,7.29776828253138,4.00733318523247,4.90527477843843,4.00733318523247,3.73766961828337,7.16162200293919,0.693147180559945,6.75460409948796,0,0,0,6.41673228251233,0,1.09861228866811,2.19722457733622,0,0,7.77904864492556,0.693147180559945,1.09861228866811,3.89182029811063,5.91350300563827
"Series9_NHBE_IAV_1",4.66343909411207,8.5336569174469,6.69826805411541,5.12989871492307,4.99043258677874,7.0604763659998,5.91889385427315,7.0604763659998,1.38629436111989,4.53259949315326,0,0,0,1.79175946922805,0.693147180559945,0,0,6.72623340235875,0,0,0,0,0,3.3322045101752,0.693147180559945,0,2.484906649788,7.21450441415114,7.75491027202143,5.88332238848828,6.85118492749374,0,5.68697535633982,0,0,6.64639051484773,6.06610809010375,1.6094379124341,3.52636052461616,1.38629436111989,2.63905732961526,7.60339933974067,0.693147180559945,7.30249642372733,1.6094379124341,6.41836493593621,5.30330490805908,0,4.89034912822175,2.30258509299405,0,9.21333588095598,0,3.13549421592915,6.68085467879022,6.04025471127741,2.94443897916644,0,6.10479323241498,3.93182563272433,1.79175946922805,7.32843735289516,4.72738781871234,0,7.60539236481493,5.60947179518496,6.11589212548303,4.75359019110636,4.18965474202643,7.36264527041782,0,7.32843735289516,0,2.07944154167984,0,8.43359416753992,0,2.39789527279837,3.25809653802148,0,0,8.70417055974639,0,0,4.85981240436167,6.87316383421252
"Series9_NHBE_IAV_2",2.99573227355399,6.98007594056176,4.98360662170834,3.8286413964891,3.80666248977032,5.62762111369064,4.64439089914137,5.54126354515843,1.38629436111989,3.09104245335832,0,0.693147180559945,0,0,0,0,0,5.05624580534831,0,0,0,0,0.693147180559945,2.19722457733622,0,1.09861228866811,0,5.84932477994686,6.26530121273771,4.36944785246702,5.47227067367148,0,3.98898404656427,0,0,5.19295685089021,4.68213122712422,1.38629436111989,2.63905732961526,0.693147180559945,2.19722457733622,6.07764224334903,0.693147180559945,5.61312810638807,1.79175946922805,4.59511985013459,4.11087386417331,0,3.73766961828337,1.38629436111989,0,7.59085212368858,0.693147180559945,1.38629436111989,5.09375020080676,4.35670882668959,0,0,4.89783979995091,2.39789527279837,1.09861228866811,5.8171111599632,3.66356164612965,0.693147180559945,5.98645200528444,3.63758615972639,4.40671924726425,3.43398720448515,3.13549421592915,6.00388706710654,0,5.82600010738045,0,1.38629436111989,0,6.85646198459459,0,0.693147180559945,1.09861228866811,0,0,7.32646561384032,0,0,3.2188758248682,5.40717177146012
"Series9_NHBE_IAV_3",1.38629436111989,7.25841215059531,5.71702770140622,2.77258872223978,4.35670882668959,6.21260609575152,3.97029191355212,5.21493575760899,1.09861228866811,3.2188758248682,0.693147180559945,0,0,1.38629436111989,2.39789527279837,0,0,5.65248918026865,1.09861228866811,0,0,1.6094379124341,0,1.38629436111989,0,0,0,5.77144112313002,6.3135480462771,4.70048036579242,5.79909265446053,0,3.8286413964891,0,0,4.9272536851572,5.09375020080676,0,1.94591014905531,0.693147180559945,1.38629436111989,5.99396142730657,0,5.8636311755981,1.6094379124341,4.70953020131233,2.77258872223978,0,3.46573590279973,0,0,7.00940893270864,1.6094379124341,1.79175946922805,3.63758615972639,3.17805383034795,1.79175946922805,0,5.02388052084628,3.63758615972639,1.6094379124341,5.47646355193151,1.94591014905531,0,6.53087762772588,3.76120011569356,4.52178857704904,2.19722457733622,3.68887945411394,6.10924758276437,0,6.03787091992214,0,1.38629436111989,0,6.68461172766793,0,1.09861228866811,2.30258509299405,0,0,7.30921236569276,0,0,3.58351893845611,5.91620206260743
"Series9_NHBE_IAV_4",1.38629436111989,6.71052310945243,5.18738580584075,2.19722457733622,3.91202300542815,5.46383180502561,3.49650756146648,4.43081679884331,0,1.6094379124341,0,0.693147180559945,0,1.38629436111989,2.19722457733622,0.693147180559945,0,4.69134788222914,0,0,0,1.09861228866811,0,1.94591014905531,0,0,0,4.99721227376411,5.65248918026865,3.85014760171006,5.15905529921453,0.693147180559945,2.99573227355399,0,0,4.55387689160054,4.52178857704904,0,1.09861228866811,1.09861228866811,0.693147180559945,5.29831736654804,0,5.28826703069454,1.09861228866811,4.00733318523247,2.39789527279837,0,3.09104245335832,0,0,6.31535800152233,0.693147180559945,1.6094379124341,3.3322045101752,2.39789527279837,2.19722457733622,0,4.11087386417331,2.484906649788,0.693147180559945,5.06259503302697,0.693147180559945,0,6.12029741895095,3.43398720448515,3.68887945411394,1.79175946922805,3.04452243772342,5.36129216570943,0,5.42934562895444,0,0,0,6.18826412308259,0,0.693147180559945,0.693147180559945,0.693147180559945,0,6.38519439899773,0,0,3.13549421592915,5.32300997913841
"Series9_NHBE_IAVdNS1_1",2.39789527279837,8.40514368760761,6.86171134048073,4.06044301054642,4.72738781871234,6.55819780281227,7.79564653633459,5.80211837537706,1.6094379124341,3.85014760171006,0,0,0,1.09861228866811,2.484906649788,0,0,6.18001665365257,0.693147180559945,0,0,2.63905732961526,0,3.49650756146648,0.693147180559945,0,1.94591014905531,8.0487882835342,7.35500192110526,5.53338948872752,6.0591231955818,0,4.59511985013459,0,0,5.93224518744801,6.55250788703459,1.94591014905531,1.94591014905531,0.693147180559945,0,6.90274273715859,0,7.43307534889858,1.38629436111989,5.76519110278484,5.31320597904179,0,4.21950770517611,1.09861228866811,0,8.78370269863522,1.6094379124341,2.89037175789616,6.70073110954781,5.19295685089021,0.693147180559945,0,5.36129216570943,2.63905732961526,1.38629436111989,6.3297209055227,3.85014760171006,0.693147180559945,8.0624327915832,6.361302477573,6.68210859744981,4.96284463025991,3.25809653802148,7.28619171470238,0,7.41818082272679,0,0,0,8.58615939588096,0,0,0.693147180559945,0,0,8.17835816560584,0,0.693147180559945,3.78418963391826,5.63478960316925
"Series9_NHBE_IAVdNS1_2",2.39789527279837,8.20876404581967,5.91350300563827,3.97029191355212,4.54329478227,6.18826412308259,7.33367639565768,5.12989871492307,1.38629436111989,3.93182563272433,0,0,0,0,1.38629436111989,0,0,5.33753807970132,0.693147180559945,0,0,1.94591014905531,0,3.13549421592915,0,0,0.693147180559945,7.67693714581808,6.93537044601511,5.14749447681345,5.7268477475872,0,4.33073334028633,0,0,5.4380793089232,6.18826412308259,1.6094379124341,1.79175946922805,0,0,6.66185474054531,0,7.1929342212158,1.79175946922805,5.53338948872752,4.76217393479776,0,3.58351893845611,1.09861228866811,0,8.11402544235676,1.09861228866811,2.484906649788,6.13772705408623,4.77912349311153,0,0,4.85203026391962,2.484906649788,0,5.8664680569333,3.78418963391826,0.693147180559945,7.57455848420248,5.94017125272043,6.23832462503951,4.55387689160054,3.29583686600433,6.81892406527552,0,6.95081476844258,0,0,0,8.24774388722552,0,0,1.09861228866811,0,0,7.82963038915019,0,0,3.2188758248682,5.30330490805908
"Series9_NHBE_IAVdNS1_3",3.87120101090789,8.96021095557699,7.51425465281641,3.49650756146648,4.72738781871234,7.26122509197192,8.53286967080125,5.80513496891649,2.484906649788,4.26267987704132,0.693147180559945,0,0,0.693147180559945,3.55534806148941,0,0,5.6937321388027,0,0,0,3.55534806148941,0,4.47733681447821,0,0,1.6094379124341,8.65608519028286,7.2868764117507,5.09375020080676,6.34212141872115,0,4.30406509320417,0,0,5.78382518232974,6.98749024700099,0,1.09861228866811,1.79175946922805,1.38629436111989,7.02731451403978,0,8.15937473677543,2.484906649788,5.89989735358249,5.85793315448346,0,3.95124371858143,1.79175946922805,0,9.37602428761711,1.94591014905531,3.43398720448515,7.78613643778307,4.21950770517611,0.693147180559945,0,4.7361984483945,3.61091791264422,0.693147180559945,6.16331480403464,6.13122648948314,0,8.50431056558522,7.38894609761844,7.36010397298915,5.35185813347607,3.52636052461616,7.53529670244409,0,7.78155595923534,0,0.693147180559945,0,9.9259826303635,0,0.693147180559945,2.484906649788,0.693147180559945,0,7.89020821310996,0,0,3.49650756146648,6.0730445341004
"Series9_NHBE_IAVdNS1_4",3.36729582998647,9.05392045270488,7.25134498337221,4.21950770517611,5.56068163101553,7.36201055125973,8.77446760144659,6.05208916892442,2.63905732961526,4.49980967033027,2.30258509299405,1.6094379124341,0,0.693147180559945,4.21950770517611,0,0,6.34212141872115,0,0.693147180559945,0,2.56494935746154,0,5.02388052084628,0,0,1.94591014905531,9.04923221158143,7.41034709782102,5.31320597904179,6.5875500148248,0.693147180559945,5.00394630594546,0.693147180559945,0,6.82762923450285,7.85515700588134,1.6094379124341,1.6094379124341,1.09861228866811,0,7.63964228785801,0,8.28903709827848,2.83321334405622,6.62406522779989,5.96870755998537,0,4.64439089914137,1.94591014905531,0,9.62905070683437,2.484906649788,3.25809653802148,8.24722005274523,4.57471097850338,2.19722457733622,0,4.89034912822175,3.93182563272433,1.38629436111989,5.73657229747919,6.16331480403464,0,9.12260145766818,7.68386398025643,7.7698009960039,5.33271879326537,3.3322045101752,7.5251007461258,0,8.11552088154677,0.693147180559945,1.09861228866811,0,9.454540665816,0,1.09861228866811,3.09104245335832,0,0,8.60922527686273,0,0,3.52636052461616,6.04500531403601
"Series9_NHBE_IFNB_4h_1",2.07944154167984,8.13064796816058,5.28826703069454,4.65396035015752,3.09104245335832,6.42162226780652,5.35658627467201,5.8348107370626,1.09861228866811,4.14313472639153,1.09861228866811,0,0,1.79175946922805,2.56494935746154,0,0,6.19031540585315,0,0,0,1.94591014905531,0,2.94443897916644,0,0,0.693147180559945,6.64118216974059,7.61381868480863,5.35658627467201,5.4249500174814,0,4.51085950651685,0,0,5.95064255258773,5.73979291217923,1.6094379124341,1.6094379124341,0,1.6094379124341,6.82546003625531,0,6.84800527457636,2.07944154167984,5.31320597904179,3.85014760171006,0,4.34380542185368,0,0.693147180559945,8.52237971810354,1.79175946922805,2.39789527279837,6.18414889093748,4.72738781871234,0.693147180559945,0,5.57972982598622,3.46573590279973,1.79175946922805,7.00760061395185,1.6094379124341,0,7.01571242048723,5.95324333428778,5.79605775076537,4.38202663467388,3.71357206670431,6.44413125670044,1.09861228866811,7.7336835707759,0,0,0,7.61579107203583,0,0.693147180559945,1.38629436111989,0,0,7.95296679092313,0.693147180559945,1.6094379124341,4.29045944114839,6.13556489108174
"Series9_NHBE_IFNB_4h_2",1.38629436111989,8.06777619577889,5.41610040220442,4.58496747867057,3.68887945411394,6.3818160174061,5.31320597904179,5.77455154554441,0.693147180559945,4.21950770517611,0.693147180559945,0,0,2.39789527279837,2.19722457733622,0,0,6.13772705408623,0,0,0,2.19722457733622,0,2.89037175789616,0,0,0,6.6682282484174,7.46106551435428,5.19849703126583,5.49306144334055,1.09861228866811,4.77912349311153,0,0,6.10031895202006,5.74300318780948,2.19722457733622,1.79175946922805,0.693147180559945,0.693147180559945,6.79682371827486,0,6.84694313958538,2.07944154167984,5.26269018890489,3.66356164612965,0,4.39444915467244,0,0.693147180559945,8.52476445691256,1.94591014905531,1.94591014905531,6.22059017009974,4.95582705760126,1.09861228866811,0,5.34710753071747,3.63758615972639,1.94591014905531,6.99576615630485,0.693147180559945,0,6.96885037834195,5.8111409929767,5.71373280550937,4.06044301054642,3.49650756146648,6.32076829425058,0,7.70796153183549,0,0.693147180559945,0,7.49831587076698,0,1.38629436111989,1.79175946922805,0,0,7.94342776787637,0.693147180559945,0,4.35670882668959,5.89715386763674
"Series9_NHBE_IFNB_6h_1",2.07944154167984,7.80425138352811,5.17614973257383,3.71357206670431,2.63905732961526,6.10031895202006,5.03695260241363,6.13122648948314,0,3.52636052461616,0,0,0,1.38629436111989,2.19722457733622,0,0,5.79301360838414,0.693147180559945,0,0,1.6094379124341,0,2.56494935746154,0.693147180559945,0,0,6.53524127101366,7.06987412845857,5.02388052084628,5.25749537202778,0.693147180559945,4.11087386417331,0,0,6.00141487796115,5.08140436498446,2.07944154167984,1.38629436111989,0.693147180559945,0.693147180559945,6.383506634884,0,6.3026189757449,1.6094379124341,4.79579054559674,3.58351893845611,0,3.78418963391826,0,0,8.2553088117856,0,1.94591014905531,5.91079664404053,5.05624580534831,0.693147180559945,0,5.04985600724954,2.63905732961526,2.19722457733622,6.76272950693188,1.79175946922805,1.09861228866811,7.09837563859079,5.67332326717149,5.52146091786225,4.29045944114839,3.2188758248682,6.30809844150953,0,7.18159194461187,0,0,0,7.6515955738576,0,1.09861228866811,0.693147180559945,0,0,7.55642796944025,0,1.09861228866811,3.95124371858143,5.77455154554441
"Series9_NHBE_IFNB_6h_2",2.19722457733622,7.68845535654994,5.28320372873799,3.8286413964891,2.07944154167984,6.10924758276437,4.969813299576,6.15485809401642,0.693147180559945,3.73766961828337,0,0,0,1.09861228866811,1.38629436111989,0,0,5.78689738136671,0.693147180559945,0,0,1.09861228866811,0,2.07944154167984,0,0,0,6.49072353450251,6.81783057145415,5.01727983681492,5.04342511691925,0,3.98898404656427,0,0,5.88610403145016,4.89034912822175,1.6094379124341,0.693147180559945,0.693147180559945,0.693147180559945,6.3491389913798,0,6.25958146406492,1.09861228866811,4.67282883446191,3.40119738166216,0,4.17438726989564,0.693147180559945,0.693147180559945,8.44612674298238,1.6094379124341,1.09861228866811,5.67675380226828,4.54329478227,0,0,5.05624580534831,2.83321334405622,1.09861228866811,6.68461172766793,0.693147180559945,0,7.05358572719368,5.19295685089021,5.48479693349065,3.87120101090789,2.63905732961526,6.13122648948314,0,7.19593722647557,0,0,0,7.5847730776122,0,0.693147180559945,1.09861228866811,0,0,7.51261754467451,0,1.38629436111989,3.8286413964891,5.93489419561959
"Series9_NHBE_IFNB_12h_1",1.6094379124341,7.83597458172157,5.66296048013595,3.68887945411394,3.43398720448515,5.76832099579377,4.12713438504509,5.72031177660741,0.693147180559945,3.36729582998647,0,0,0,1.38629436111989,1.94591014905531,0,0,5.84932477994686,0.693147180559945,0,0,0.693147180559945,0,1.38629436111989,0,0,0,6.08677472691231,7.12608727329912,4.74493212836325,5.57215403217776,0,4.14313472639153,0,0,5.31811999384422,4.56434819146784,1.09861228866811,1.09861228866811,0,1.09861228866811,6.32435896238131,0,6.18208490671663,1.09861228866811,4.20469261939097,3.61091791264422,0,4.30406509320417,0,0,8.01135510916129,0.693147180559945,0.693147180559945,4.40671924726425,4.36944785246702,0,0,4.78749174278205,3.29583686600433,0,6.22851100359118,0,1.09861228866811,7.03085747611612,4.79579054559674,5.21493575760899,3.91202300542815,3.36729582998647,6.74758652682932,0,7.19218205871325,0,0,0,7.26752542782817,0,0.693147180559945,0,0,0.693147180559945,7.72665366484764,0,0,3.97029191355212,5.37063802812766
"Series9_NHBE_IFNB_12h_2",1.79175946922805,8.04173471148754,5.59842195899838,4.24849524204936,3.87120101090789,5.89440283426485,4.0943445622221,5.71373280550937,0,3.80666248977032,0,1.09861228866811,0,0.693147180559945,0,0.693147180559945,0,5.63478960316925,0,0,0,1.09861228866811,0,2.484906649788,1.09861228866811,0,0,6.37842618365159,7.26892012819372,4.85981240436167,5.46383180502561,0.693147180559945,4.36944785246702,0,0,5.74939298590825,5.18738580584075,1.6094379124341,1.09861228866811,0,0,6.58063913728495,0,6.51767127291227,0,4.27666611901606,3.55534806148941,0,3.58351893845611,0,0,7.83715965000168,0.693147180559945,1.6094379124341,4.58496747867057,4.80402104473326,0.693147180559945,0,4.87519732320115,3.13549421592915,0,6.04025471127741,1.09861228866811,0,7.09174211509515,4.77912349311153,5.37527840768417,3.71357206670431,3.29583686600433,6.74758652682932,0,7.42237370098682,0,0,0,7.10906213568717,0,1.38629436111989,1.38629436111989,0,0,7.87435882472988,0.693147180559945,1.09861228866811,3.80666248977032,5.52146091786225
"Series15_HealthyLungBiopsy_2",3.80666248977032,9.51635340111269,6.4150969591716,6.83625927727707,7.17242457712485,9.23795553900916,8.72046051272565,4.9272536851572,6.06842558824411,4.67282883446191,4.52178857704904,0,1.38629436111989,4.93447393313069,1.38629436111989,5.54126354515843,5.6021188208797,6.24416690066374,1.6094379124341,5.70044357339069,3.17805383034795,5.98896141688986,0,9.6085122825902,5.65599181081985,3.25809653802148,5.2040066870768,9.6310881036155,10.2719774245194,5.51342874616498,6.64898455002478,1.09861228866811,5.56068163101553,0,3.89182029811063,7.80628928926703,7.89170465933011,7.01750614294126,2.56494935746154,5.02388052084628,4.85203026391962,6.15060276844628,1.79175946922805,10.6059165236943,2.30258509299405,8.00503334463711,9.41417877223239,0,4.59511985013459,2.94443897916644,2.07944154167984,4.57471097850338,8.08978917578932,0.693147180559945,5.24174701505964,6.05443934626937,4.43081679884331,0,5.19295685089021,6.77992190747225,4.23410650459726,5.83188247728352,6.49526555593701,0,6.76619171466035,6.10924758276437,8.72729202920964,4.06044301054642,1.09861228866811,9.81137226362832,3.8286413964891,10.0800425144357,3.80666248977032,5.50938833662798,0,8.38480400337049,1.79175946922805,2.07944154167984,1.38629436111989,8.68202943386917,3.78418963391826,7.82404601085629,0,4.00733318523247,5.78074351579233,3.63758615972639
"Series15_HealthyLungBiopsy_1",5.97888576490112,10.5413862588656,7.18538701558042,8.50491816054062,10.4787516924394,8.44848599340645,10.3446415030528,7.00940893270864,6.33859407820318,6.41999492814714,2.07944154167984,1.79175946922805,1.09861228866811,5.11198778835654,0.693147180559945,4.49980967033027,4.20469261939097,6.8351845861473,1.6094379124341,6.01859321449623,1.38629436111989,4.9416424226093,0,9.09121894106832,6.81563999007433,2.19722457733622,6.49526555593701,11.9187904930997,10.6829041682482,6.79234442747081,8.27868216297091,1.79175946922805,5.59098698051086,0,4.9272536851572,10.3220991983142,9.77309408860253,7.51697722460432,2.70805020110221,6.91671502035361,4.34380542185368,7.37588214821501,0.693147180559945,10.8105558885481,2.63905732961526,8.20138595523861,10.3499026469732,0,5.26785815906333,4.71849887129509,1.94591014905531,7.91425227874244,8.45977592054629,1.09861228866811,9.98681716012313,9.26350192009041,4.11087386417331,0,4.70953020131233,5.04342511691925,6.27852142416584,7.10002716662926,8.55622157838371,0,10.8531743750287,10.141992510963,11.5444725804684,4.65396035015752,1.38629436111989,10.9068179943319,2.56494935746154,10.027738514874,4.27666611901606,4.20469261939097,0,10.5813687994256,0,1.79175946922805,1.09861228866811,8.10681603894705,2.07944154167984,8.7465573545435,1.6094379124341,3.93182563272433,7.83715965000168,3.04452243772342
"Series15_COVID19Lung_2",0,3.98898404656427,0.693147180559945,1.6094379124341,4.68213122712422,4.07753744390572,5.49306144334055,0,0,0,0,0,0,0,0,0,3.17805383034795,4.36944785246702,0,7.83320394864106,0,4.9272536851572,0,3.61091791264422,1.94591014905531,0,1.79175946922805,8.1199938277251,2.94443897916644,1.09861228866811,4.04305126783455,0,0.693147180559945,1.6094379124341,0,6.05208916892442,0,2.99573227355399,0,2.07944154167984,0,2.19722457733622,0,7.23201033166476,1.09861228866811,6.64118216974059,1.94591014905531,0,1.09861228866811,0,0,6.383506634884,3.85014760171006,0,6.39359075395063,4.23410650459726,0,0,0,2.484906649788,0,2.56494935746154,5.67332326717149,0,7.04403289727469,5.18738580584075,6.20657592672493,1.79175946922805,0,4.61512051684126,0,5.15905529921453,0,0,0,6.79794041297493,0,0,0,1.94591014905531,0,5.28320372873799,0,0,1.94591014905531,1.79175946922805
"Series15_COVID19Lung_1",0,1.09861228866811,0,0.693147180559945,1.94591014905531,1.38629436111989,2.56494935746154,0,0,0,0,0,0,0,0,0,1.6094379124341,1.6094379124341,0,5.26785815906333,0,2.77258872223978,0,0,0,0,0,5.18178355029209,0.693147180559945,0,0,0,0.693147180559945,0,0,3.78418963391826,0,0,0,0,0,0,0,4.72738781871234,0,4.53259949315326,1.38629436111989,0,0,0,0,3.43398720448515,1.09861228866811,0,3.93182563272433,2.39789527279837,0,0,0,0,0,1.09861228866811,1.79175946922805,0,3.8286413964891,1.6094379124341,3.25809653802148,1.38629436111989,0,1.94591014905531,0,1.38629436111989,0,0,0,4.20469261939097,0,0,0,0,0,3.40119738166216,0,0,0.693147180559945,0
"Series16_A549.ACE2_Mock_1",3.46573590279973,5.57594910314632,4.65396035015752,2.484906649788,3.2188758248682,5.61677109766657,4.51085950651685,3.36729582998647,0,3.25809653802148,0,0,0,3.49650756146648,0,0,0,4.48863636973214,0,2.30258509299405,0,0,0,3.04452243772342,0,0.693147180559945,0,5.2040066870768,3.97029191355212,0,0.693147180559945,0,2.99573227355399,1.38629436111989,0,4.72738781871234,3.09104245335832,0,0,0,4.46590811865458,3.09104245335832,0,4.7361984483945,1.6094379124341,4.54329478227,1.79175946922805,0,1.09861228866811,0,0,1.79175946922805,0,0.693147180559945,3.73766961828337,1.09861228866811,0,0,3.04452243772342,0,0,4.30406509320417,1.6094379124341,0,4.98360662170834,3.29583686600433,3.85014760171006,0,0,1.94591014905531,0,5.43372200355424,3.17805383034795,3.09104245335832,0,4.89783979995091,0,0.693147180559945,0.693147180559945,0,0,5.59098698051086,0.693147180559945,1.09861228866811,3.46573590279973,2.83321334405622
"Series16_A549.ACE2_Mock_2",4.81218435537242,7.02731451403978,6.45676965557216,3.97029191355212,5.05624580534831,7.23273313617761,6.07764224334903,4.85981240436167,2.07944154167984,4.69134788222914,0,0,0,4.91998092582813,0.693147180559945,1.09861228866811,0,6.15485809401642,1.38629436111989,3.87120101090789,0,1.38629436111989,0,5.11198778835654,1.94591014905531,2.30258509299405,0.693147180559945,6.78558764500793,5.54126354515843,2.30258509299405,1.09861228866811,1.38629436111989,4.15888308335967,2.56494935746154,0,6.01859321449623,4.29045944114839,0.693147180559945,2.484906649788,1.38629436111989,5.87493073085203,4.68213122712422,0,6.29341927884648,2.56494935746154,5.80513496891649,2.99573227355399,0,2.83321334405622,0,0,3.85014760171006,0,0.693147180559945,5.62401750618734,1.94591014905531,1.09861228866811,0,4.46590811865458,1.38629436111989,1.38629436111989,5.8111409929767,3.85014760171006,1.6094379124341,6.72142570079064,5.07517381523383,5.32787616878958,0,3.04452243772342,2.89037175789616,1.09861228866811,7.05444965813294,4.87519732320115,4.17438726989564,0,6.46925031679577,0,2.30258509299405,2.07944154167984,0,0,7.15148546390474,0.693147180559945,1.38629436111989,4.85981240436167,4.76217393479776
"Series16_A549.ACE2_Mock_3",4.51085950651685,6.8351845861473,6.16541785423142,3.85014760171006,4.82028156560504,7.02997291170639,5.82600010738045,4.89034912822175,1.09861228866811,4.49980967033027,0,0,0,4.52178857704904,0,0,0,5.88610403145016,0,3.71357206670431,0,0,0,4.80402104473326,0.693147180559945,2.19722457733622,0,6.5206211275587,5.23110861685459,1.09861228866811,1.6094379124341,1.09861228866811,4.15888308335967,1.79175946922805,0,6.01615715969835,4.40671924726425,1.79175946922805,1.38629436111989,1.09861228866811,5.62040086571715,4.43081679884331,0,5.89164421182577,2.63905732961526,5.61677109766657,2.99573227355399,0,2.484906649788,0,0,3.40119738166216,0,1.6094379124341,5.50125821054473,1.09861228866811,0,0,4.00733318523247,0.693147180559945,0,5.67332326717149,3.63758615972639,1.79175946922805,6.60800062529609,4.82028156560504,5.35658627467201,1.38629436111989,2.89037175789616,2.70805020110221,0,7.0352685992811,4.64439089914137,3.98898404656427,0,6.16541785423142,0,1.79175946922805,1.6094379124341,0,0,6.90675477864855,0.693147180559945,1.94591014905531,4.66343909411207,4.34380542185368
"Series16_A549.ACE2_SARS.CoV.2_1",5.82304589548302,7.83755436088108,5.44241771052179,3.66356164612965,4.65396035015752,7.43366654016617,7.25063551189868,5.41164605185504,4.60517018598809,6.50876913697168,0,0.693147180559945,0,3.71357206670431,0,1.38629436111989,0.693147180559945,4.99043258677874,0,4.33073334028633,0,0,0,5.85220247977447,0,1.79175946922805,0,9.16576132857822,5.8171111599632,0.693147180559945,1.79175946922805,1.94591014905531,3.09104245335832,0,0,5.52942908751142,3.61091791264422,1.09861228866811,1.6094379124341,2.56494935746154,4.0943445622221,4.85981240436167,0,7.36010397298915,1.09861228866811,6.44094654063292,5.03695260241363,0,2.83321334405622,0.693147180559945,0,6.13556489108174,0,2.484906649788,7.0335064842877,0,2.07944154167984,0,3.46573590279973,0,1.09861228866811,5.57215403217776,4.96284463025991,0.693147180559945,7.3664451483276,6.63331843328038,7.91899248816525,1.38629436111989,2.83321334405622,6.51471269087253,0.693147180559945,7.37337430991005,5.4380793089232,3.66356164612965,0,8.80507524387068,0,2.30258509299405,1.79175946922805,0,0,6.49677499018586,0.693147180559945,0.693147180559945,4.14313472639153,3.29583686600433
"Series16_A549.ACE2_SARS.CoV.2_2",5.76519110278484,8.07153089355666,5.7268477475872,3.78418963391826,5.03043792139244,7.56579328242851,7.39326309476384,5.43372200355424,4.54329478227,6.73340189183736,0,0,0,3.80666248977032,0,2.19722457733622,0,5.04342511691925,0.693147180559945,4.51085950651685,0,0.693147180559945,0,5.74620319054015,0,1.6094379124341,0,9.28219580907661,5.95583736946483,0.693147180559945,1.09861228866811,1.6094379124341,3.3322045101752,0,0,5.58724865840025,3.55534806148941,0,2.30258509299405,3.04452243772342,3.91202300542815,5.03695260241363,0,7.53583046279837,1.94591014905531,6.5792512120101,5.35658627467201,0,2.56494935746154,0.693147180559945,0,6.23048144757848,0,2.39789527279837,7.09090982207998,1.09861228866811,1.38629436111989,0,3.58351893845611,0.693147180559945,0,5.7037824746562,4.89783979995091,0.693147180559945,7.40306109109009,6.72262979485545,7.97625194374562,1.38629436111989,2.94443897916644,6.50128967054039,0,7.54115245513631,5.48893772615669,3.52636052461616,0,8.86714558959414,0,2.56494935746154,1.94591014905531,0,0,6.52795791762255,1.38629436111989,1.94591014905531,3.78418963391826,3.55534806148941
"Series16_A549.ACE2_SARS.CoV.2_3",5.79909265446053,8.24905227417129,5.79909265446053,3.52636052461616,4.91265488573605,7.51152464839087,7.44716835960004,5.68017260901707,4.40671924726425,6.77078942390898,0,0,0,3.76120011569356,0,1.94591014905531,1.09861228866811,5.21493575760899,0,4.31748811353631,0,0,0,5.92157841964382,1.38629436111989,2.30258509299405,0,9.32223946447359,6.09582456243222,1.09861228866811,1.6094379124341,2.07944154167984,3.29583686600433,0.693147180559945,0,5.68017260901707,3.36729582998647,0,2.07944154167984,2.70805020110221,3.95124371858143,4.85981240436167,0,7.55381085200823,1.38629436111989,6.55961523749324,5.31811999384422,0,2.484906649788,0.693147180559945,0,6.33150184989369,0,2.99573227355399,7.18690102041163,0,2.39789527279837,0,3.36729582998647,0.693147180559945,0,5.75257263882563,4.969813299576,0,7.44132038971762,6.73101810048208,8.03268487596762,1.38629436111989,2.30258509299405,6.5424719605068,0.693147180559945,7.71154897962915,5.5834963087817,3.43398720448515,0,8.98594603876032,0,2.30258509299405,2.56494935746154,0,0,6.45833828334479,0.693147180559945,1.6094379124341,4.02535169073515,3.2188758248682
"Series16_A549.ACE2_SARS.CoV.2_Rux_1",6.46146817635372,8.39750834847026,5.8805329864007,3.63758615972639,4.94875989037817,8.05896001776942,7.9359451033537,6.08904487544685,4.78749174278205,7.26542972325395,0,0.693147180559945,0,3.8286413964891,0,1.94591014905531,1.09861228866811,5.48479693349065,0,4.14313472639153,0,0,0,6.41673228251233,0,2.94443897916644,0,9.68558026801716,6.18826412308259,1.38629436111989,2.19722457733622,2.484906649788,3.04452243772342,0,0.693147180559945,6.05208916892442,4.27666611901606,0,2.70805020110221,3.71357206670431,4.47733681447821,5.34710753071747,0,7.99699040583765,1.38629436111989,7.22766249872865,5.77144112313002,0,2.94443897916644,0.693147180559945,0,6.18001665365257,0,2.39789527279837,7.01301578963963,0.693147180559945,2.19722457733622,0,3.91202300542815,0.693147180559945,0,6.09807428216624,5.23110861685459,0.693147180559945,7.69984240739699,7.37588214821501,8.49658223751211,1.09861228866811,3.49650756146648,6.89060912014717,0,7.74630066223144,6.16961073249146,3.58351893845611,0,9.11822508306838,0,2.63905732961526,2.07944154167984,0,0,6.69332366826995,1.38629436111989,0.693147180559945,4.69134788222914,4.21950770517611
"Series16_A549.ACE2_SARS.CoV.2_Rux_2",6.40191719672719,8.32772616646141,6.1463292576689,3.55534806148941,4.70953020131233,7.93236215433975,8.0245348716057,5.9295891433899,4.47733681447821,7.10906213568717,0,0,0,4.04305126783455,0,1.79175946922805,0,5.3082676974012,0.693147180559945,3.73766961828337,0,0.693147180559945,0,5.97380961186926,1.09861228866811,2.484906649788,0,9.52711997525166,6.23244801655052,1.38629436111989,2.30258509299405,2.39789527279837,3.76120011569356,0,0,5.85793315448346,3.95124371858143,0,2.19722457733622,3.49650756146648,4.53259949315326,5.08759633523238,0,7.70481192293259,1.38629436111989,6.90875477931522,5.63121178182137,0,3.04452243772342,0,0,5.80814248998044,0,2.89037175789616,6.73340189183736,1.09861228866811,2.30258509299405,0,3.98898404656427,0.693147180559945,1.09861228866811,5.96100533962327,4.76217393479776,0.693147180559945,7.44307837434852,7.19593722647557,8.3170334764924,0.693147180559945,3.17805383034795,6.5694814204143,1.09861228866811,7.69712131728263,6.04973345523196,3.71357206670431,0,9.00981411052738,0,2.63905732961526,2.19722457733622,0,0,6.5792512120101,1.09861228866811,1.09861228866811,4.60517018598809,3.8286413964891
